catalog_record_id,catalog,official_name,country_ids,source_url,catalog_status,review_status,candidate_decision,decision_reason,checked_at,notes
whc-1133,world_heritage_natural,Ancient and Primeval Beech Forests of the Carpathians and Other Regions of Europe,albania|austria|belgium|bosnia-and-herzegovina|bulgaria|croatia|czechia|france|germany|italy|north-macedonia|poland|romania|slovakia|slovenia|spain|switzerland|ukraine,https://whc.unesco.org/en/list/1133,active,pending_decomposition,deferred,Запись исходного каталога ещё нужно разложить на конкретные физические объекты и проверить визуальную узнаваемость.,2026-09-22,
whc-145,world_heritage_natural,Los Glaciares National Park,argentina,https://whc.unesco.org/en/list/145,active,sources_checked,eligible,Из территории Лос-Гласьярес выделен конкретный ледник Перито-Морено.,2026-09-23,Выделенные объекты: perito-moreno-glacier
whc-303,world_heritage_natural,Iguazu National Park,argentina,https://whc.unesco.org/en/list/303,active,sources_checked,eligible,Опубликованные ранее водопады Игуасу связаны с исходной строкой аргентинского национального парка; других отдельно именованных физических объектов описание ЮНЕСКО не выделяет.,2026-09-23,Выделенные объекты: iguazu-falls
whc-937,world_heritage_natural,Península Valdés,argentina,https://whc.unesco.org/en/list/937,active,sources_checked,eligible,Выделены физический полуостров Вальдес и отдельно названный залив Нуэво.,2026-09-23,Выделенные объекты: peninsula-valdes|golfo-nuevo
whc-966,world_heritage_natural,Ischigualasto / Talampaya Natural Parks,argentina,https://whc.unesco.org/en/list/966,active,sources_checked,eligible,Из двух парков выделены именованные каньон Талампайя и Лунная долина Исчигуаласто.,2026-09-23,Выделенные объекты: talampaya-canyon|valle-de-la-luna-ischigualasto
whc-1526,world_heritage_natural,Los Alerces National Park,argentina,https://whc.unesco.org/en/list/1526,active,sources_checked,eligible,Выделены озеро Менендес и названный ЮНЕСКО Тысячелетний алерсовый лес у его северного рукава.,2026-09-23,Выделенные объекты: lake-menendez|millennial-alerce-forest
whc-154,world_heritage_natural,Great Barrier Reef,australia,https://whc.unesco.org/en/list/154,active,sources_checked,eligible,Уже опубликованный Большой Барьерный риф связан с исходной строкой; дополнительно выделены три отдельно названных островных объекта.,2026-09-23,Выделенные объекты: great-barrier-reef|whitsunday-islands|hinchinbrook-island|raine-island
whc-186,world_heritage_natural,Lord Howe Island Group,australia,https://whc.unesco.org/en/list/186,active,sources_checked,eligible,"Из архипелага выделены сам остров Лорд-Хау, Болс-Пирамид и отдельный коралловый риф острова.",2026-09-23,Выделенные объекты: lord-howe-island|balls-pyramid|lord-howe-coral-reef
whc-368,world_heritage_natural,Gondwana Rainforests of Australia,australia,https://whc.unesco.org/en/list/368,active,sources_checked,eligible,Из составной природной территории выделены кальдера Твид и её центральная гора Волламбин.,2026-09-23,Выделенные объекты: tweed-caldera|wollumbin-mount-warning
whc-486,world_heritage_natural,Wet Tropics of Queensland,australia,https://whc.unesco.org/en/list/486,active,sources_checked,eligible,Выделен названный ЮНЕСКО мангровый пролив Хинчинбрук; остальная большая территория без отдельного имени не стала одной карточкой.,2026-09-23,Выделенные объекты: hinchinbrook-channel
whc-578,world_heritage_natural,"Shark Bay, Western Australia",australia,https://whc.unesco.org/en/list/578,active,sources_checked,eligible,"Выделены лагуна Хамелин-Пул, морская травяная банка Вурамел и отдельно подтверждённый государственным источником Ракушечный пляж.",2026-09-23,Выделенные объекты: hamelin-pool|wooramel-seagrass-bank|shell-beach-shark-bay
whc-630,world_heritage_natural,K’gari,australia,https://whc.unesco.org/en/list/630,active,sources_checked,eligible,Выделены песчаный остров К’гари и отдельно подтверждённое правительственным источником озеро Буронгура (Маккензи).,2026-09-23,Выделенные объекты: kgari-island|boorangoora-lake-mckenzie
whc-698,world_heritage_natural,Australian Fossil Mammal Sites (Riversleigh / Naracoorte),australia,https://whc.unesco.org/en/list/698,active,sources_checked,eligible,Два разнесённых местонахождения разложены на конкретные доступные геологические объекты: известняковый участок D и пещеру Виктория.,2026-09-23,Выделенные объекты: riversleigh-d-site|victoria-fossil-cave
whc-577,world_heritage_natural,Heard and McDonald Islands,australia,https://whc.unesco.org/en/list/577,active,sources_checked,eligible,Выделены два отдельных острова и названный вулкан Биг-Бен на острове Херд.,2026-09-23,Выделенные объекты: heard-island|big-ben-volcano|mcdonald-island
whc-629,world_heritage_natural,Macquarie Island,australia,https://whc.unesco.org/en/list/629,active,sources_checked,eligible,Остров Маккуори выделен как единый именованный ландшафт; соседние мелкие островки только обозначают границы территории и не получили отдельного подтверждения значимости.,2026-09-23,Выделенные объекты: macquarie-island
whc-917,world_heritage_natural,Greater Blue Mountains Area,australia,https://whc.unesco.org/en/list/917,active,sources_checked,eligible,"В большой территории выделены три конкретных названных объекта, проверенных службой парков Нового Южного Уэльса.",2026-09-23,Выделенные объекты: three-sisters-blue-mountains|wentworth-falls|jamison-valley
whc-1094,world_heritage_natural,Purnululu National Park,australia,https://whc.unesco.org/en/list/1094,active,sources_checked,eligible,Выделены именованный полосатый хребет и три отдельно названных ЮНЕСКО ущелья.,2026-09-23,Выделенные объекты: bungle-bungle-range|echidna-chasm|piccaninny-gorge|cathedral-gorge-purnululu
whc-1369,world_heritage_natural,Ningaloo Coast,australia,https://whc.unesco.org/en/list/1369,active,sources_checked,eligible,"Выделены морской риф, наземная карстовая система, конкретная воронка Бундера и подтверждённое государственным источником ущелье Ярди-Крик.",2026-09-23,Выделенные объекты: ningaloo-reef|cape-range-karst|bundera-sinkhole|yardie-creek-gorge
whc-1584,world_heritage_natural,Hyrcanian Forests,azerbaijan|iran,https://whc.unesco.org/en/list/1584,active,pending_decomposition,deferred,Запись исходного каталога ещё нужно разложить на конкретные физические объекты и проверить визуальную узнаваемость.,2026-09-22,
whc-798,world_heritage_natural,The Sundarbans,bangladesh,https://whc.unesco.org/en/list/798,active,pending_decomposition,deferred,Запись исходного каталога ещё нужно разложить на конкретные физические объекты и проверить визуальную узнаваемость.,2026-09-22,
whc-33,world_heritage_natural,Białowieża Forest,belarus|poland,https://whc.unesco.org/en/list/33,active,pending_decomposition,deferred,Запись исходного каталога ещё нужно разложить на конкретные физические объекты и проверить визуальную узнаваемость.,2026-09-22,
whc-764,world_heritage_natural,Belize Barrier Reef Reserve System,belize,https://whc.unesco.org/en/list/764,active,pending_decomposition,deferred,Запись исходного каталога ещё нужно разложить на конкретные физические объекты и проверить визуальную узнаваемость.,2026-09-22,
whc-749,world_heritage_natural,W-Arly-Pendjari Complex,benin|burkina-faso|niger,https://whc.unesco.org/en/list/749,active,pending_decomposition,deferred,Запись исходного каталога ещё нужно разложить на конкретные физические объекты и проверить визуальную узнаваемость.,2026-09-22,
whc-967,world_heritage_natural,Noel Kempff Mercado National Park,bolivia,https://whc.unesco.org/en/list/967,active,pending_decomposition,deferred,Запись исходного каталога ещё нужно разложить на конкретные физические объекты и проверить визуальную узнаваемость.,2026-09-22,
whc-1673,world_heritage_natural,"Vjetrenica Cave, Ravno",bosnia-and-herzegovina,https://whc.unesco.org/en/list/1673,active,sources_checked,eligible,Исходная территория содержит одну конкретную именованную карстовую пещеру.,2026-09-23,Выделенные объекты: vjetrenica-cave
whc-1432,world_heritage_natural,Okavango Delta,botswana,https://whc.unesco.org/en/list/1432,active,pending_decomposition,deferred,Запись исходного каталога ещё нужно разложить на конкретные физические объекты и проверить визуальную узнаваемость.,2026-09-22,
whc-355,world_heritage_natural,Iguaçu National Park,brazil,https://whc.unesco.org/en/list/355,active,pending_decomposition,deferred,Запись исходного каталога ещё нужно разложить на конкретные физические объекты и проверить визуальную узнаваемость.,2026-09-22,
whc-893,world_heritage_natural,Atlantic Forest South-East Reserves,brazil,https://whc.unesco.org/en/list/893,active,pending_decomposition,deferred,Запись исходного каталога ещё нужно разложить на конкретные физические объекты и проверить визуальную узнаваемость.,2026-09-22,
whc-892,world_heritage_natural,Discovery Coast Atlantic Forest Reserves,brazil,https://whc.unesco.org/en/list/892,active,pending_decomposition,deferred,Запись исходного каталога ещё нужно разложить на конкретные физические объекты и проверить визуальную узнаваемость.,2026-09-22,
whc-998,world_heritage_natural,Central Amazon Conservation Complex,brazil,https://whc.unesco.org/en/list/998,active,pending_decomposition,deferred,Запись исходного каталога ещё нужно разложить на конкретные физические объекты и проверить визуальную узнаваемость.,2026-09-22,
whc-999,world_heritage_natural,Pantanal Conservation Area,brazil,https://whc.unesco.org/en/list/999,active,pending_decomposition,deferred,Запись исходного каталога ещё нужно разложить на конкретные физические объекты и проверить визуальную узнаваемость.,2026-09-22,
whc-1000,world_heritage_natural,Brazilian Atlantic Islands: Fernando de Noronha and Atol das Rocas Reserves,brazil,https://whc.unesco.org/en/list/1000,active,pending_decomposition,deferred,Запись исходного каталога ещё нужно разложить на конкретные физические объекты и проверить визуальную узнаваемость.,2026-09-22,
whc-1035,world_heritage_natural,Cerrado Protected Areas: Chapada dos Veadeiros and Emas National Parks,brazil,https://whc.unesco.org/en/list/1035,active,pending_decomposition,deferred,Запись исходного каталога ещё нужно разложить на конкретные физические объекты и проверить визуальную узнаваемость.,2026-09-22,
whc-1611,world_heritage_natural,Lençóis Maranhenses National Park,brazil,https://whc.unesco.org/en/list/1611,active,pending_decomposition,deferred,Запись исходного каталога ещё нужно разложить на конкретные физические объекты и проверить визуальную узнаваемость.,2026-09-22,
whc-1747,world_heritage_natural,Peruaçu River Canyon,brazil,https://whc.unesco.org/en/list/1747,active,pending_decomposition,deferred,Запись исходного каталога ещё нужно разложить на конкретные физические объекты и проверить визуальную узнаваемость.,2026-09-22,
whc-225,world_heritage_natural,Pirin National Park,bulgaria,https://whc.unesco.org/en/list/225,active,pending_decomposition,deferred,Запись исходного каталога ещё нужно разложить на конкретные физические объекты и проверить визуальную узнаваемость.,2026-09-22,
whc-219,world_heritage_natural,Srebarna Nature Reserve,bulgaria,https://whc.unesco.org/en/list/219,active,pending_decomposition,deferred,Запись исходного каталога ещё нужно разложить на конкретные физические объекты и проверить визуальную узнаваемость.,2026-09-22,
whc-407,world_heritage_natural,Dja Faunal Reserve,cameroon,https://whc.unesco.org/en/list/407,active,pending_decomposition,deferred,Запись исходного каталога ещё нужно разложить на конкретные физические объекты и проверить визуальную узнаваемость.,2026-09-22,
whc-1380,world_heritage_natural,Sangha Trinational,cameroon|central-african-republic|congo,https://whc.unesco.org/en/list/1380,active,pending_decomposition,deferred,Запись исходного каталога ещё нужно разложить на конкретные физические объекты и проверить визуальную узнаваемость.,2026-09-22,
whc-24,world_heritage_natural,Nahanni National Park,canada,https://whc.unesco.org/en/list/24,active,pending_decomposition,deferred,Запись исходного каталога ещё нужно разложить на конкретные физические объекты и проверить визуальную узнаваемость.,2026-09-22,
whc-71,world_heritage_natural,Dinosaur Provincial Park,canada,https://whc.unesco.org/en/list/71,active,pending_decomposition,deferred,Запись исходного каталога ещё нужно разложить на конкретные физические объекты и проверить визуальную узнаваемость.,2026-09-22,
whc-72,world_heritage_natural,Kluane / Wrangell-St. Elias / Glacier Bay / Tatshenshini-Alsek,canada|united-states,https://whc.unesco.org/en/list/72,active,pending_decomposition,deferred,Запись исходного каталога ещё нужно разложить на конкретные физические объекты и проверить визуальную узнаваемость.,2026-09-22,
whc-256,world_heritage_natural,Wood Buffalo National Park,canada,https://whc.unesco.org/en/list/256,active,pending_decomposition,deferred,Запись исходного каталога ещё нужно разложить на конкретные физические объекты и проверить визуальную узнаваемость.,2026-09-22,
whc-304,world_heritage_natural,Canadian Rocky Mountain Parks,canada,https://whc.unesco.org/en/list/304,active,pending_decomposition,deferred,Запись исходного каталога ещё нужно разложить на конкретные физические объекты и проверить визуальную узнаваемость.,2026-09-22,
whc-419,world_heritage_natural,Gros Morne National Park,canada,https://whc.unesco.org/en/list/419,active,pending_decomposition,deferred,Запись исходного каталога ещё нужно разложить на конкретные физические объекты и проверить визуальную узнаваемость.,2026-09-22,
whc-354,world_heritage_natural,Waterton Glacier International Peace Park,canada|united-states,https://whc.unesco.org/en/list/354,active,pending_decomposition,deferred,Запись исходного каталога ещё нужно разложить на конкретные физические объекты и проверить визуальную узнаваемость.,2026-09-22,
whc-686,world_heritage_natural,Miguasha National Park,canada,https://whc.unesco.org/en/list/686,active,pending_decomposition,deferred,Запись исходного каталога ещё нужно разложить на конкретные физические объекты и проверить визуальную узнаваемость.,2026-09-22,
whc-1285,world_heritage_natural,Joggins Fossil Cliffs,canada,https://whc.unesco.org/en/list/1285,active,pending_decomposition,deferred,Запись исходного каталога ещё нужно разложить на конкретные физические объекты и проверить визуальную узнаваемость.,2026-09-22,
whc-1497,world_heritage_natural,Mistaken Point,canada,https://whc.unesco.org/en/list/1497,active,pending_decomposition,deferred,Запись исходного каталога ещё нужно разложить на конкретные физические объекты и проверить визуальную узнаваемость.,2026-09-22,
whc-1686,world_heritage_natural,Anticosti,canada,https://whc.unesco.org/en/list/1686,active,pending_decomposition,deferred,Запись исходного каталога ещё нужно разложить на конкретные физические объекты и проверить визуальную узнаваемость.,2026-09-22,
whc-475,world_heritage_natural,Manovo-Gounda St Floris National Park,central-african-republic,https://whc.unesco.org/en/list/475,active,pending_decomposition,deferred,Запись исходного каталога ещё нужно разложить на конкретные физические объекты и проверить визуальную узнаваемость.,2026-09-22,
whc-1400,world_heritage_natural,Lakes of Ounianga,chad,https://whc.unesco.org/en/list/1400,active,pending_decomposition,deferred,Запись исходного каталога ещё нужно разложить на конкретные физические объекты и проверить визуальную узнаваемость.,2026-09-22,
whc-638,world_heritage_natural,Huanglong Scenic and Historic Interest Area,china,https://whc.unesco.org/en/list/638,active,pending_decomposition,deferred,Запись исходного каталога ещё нужно разложить на конкретные физические объекты и проверить визуальную узнаваемость.,2026-09-22,
whc-637,world_heritage_natural,Jiuzhaigou Valley Scenic and Historic Interest Area,china,https://whc.unesco.org/en/list/637,active,pending_decomposition,deferred,Запись исходного каталога ещё нужно разложить на конкретные физические объекты и проверить визуальную узнаваемость.,2026-09-22,
whc-640,world_heritage_natural,Wulingyuan Scenic and Historic Interest Area,china,https://whc.unesco.org/en/list/640,active,pending_decomposition,deferred,Запись исходного каталога ещё нужно разложить на конкретные физические объекты и проверить визуальную узнаваемость.,2026-09-22,
whc-1083,world_heritage_natural,Three Parallel Rivers of Yunnan Protected Areas,china,https://whc.unesco.org/en/list/1083,active,pending_decomposition,deferred,Запись исходного каталога ещё нужно разложить на конкретные физические объекты и проверить визуальную узнаваемость.,2026-09-22,
whc-1213,world_heritage_natural,"Sichuan Giant Panda Sanctuaries - Wolong, Mt Siguniang and Jiajin Mountains",china,https://whc.unesco.org/en/list/1213,active,pending_decomposition,deferred,Запись исходного каталога ещё нужно разложить на конкретные физические объекты и проверить визуальную узнаваемость.,2026-09-22,
whc-1248,world_heritage_natural,South China Karst,china,https://whc.unesco.org/en/list/1248,active,pending_decomposition,deferred,Запись исходного каталога ещё нужно разложить на конкретные физические объекты и проверить визуальную узнаваемость.,2026-09-22,
whc-1292,world_heritage_natural,Mount Sanqingshan National Park,china,https://whc.unesco.org/en/list/1292,active,pending_decomposition,deferred,Запись исходного каталога ещё нужно разложить на конкретные физические объекты и проверить визуальную узнаваемость.,2026-09-22,
whc-1335,world_heritage_natural,China Danxia,china,https://whc.unesco.org/en/list/1335,active,pending_decomposition,deferred,Запись исходного каталога ещё нужно разложить на конкретные физические объекты и проверить визуальную узнаваемость.,2026-09-22,
whc-1388,world_heritage_natural,Chengjiang Fossil Site,china,https://whc.unesco.org/en/list/1388,active,pending_decomposition,deferred,Запись исходного каталога ещё нужно разложить на конкретные физические объекты и проверить визуальную узнаваемость.,2026-09-22,
whc-1414,world_heritage_natural,Xinjiang Tianshan,china,https://whc.unesco.org/en/list/1414,active,pending_decomposition,deferred,Запись исходного каталога ещё нужно разложить на конкретные физические объекты и проверить визуальную узнаваемость.,2026-09-22,
whc-1509,world_heritage_natural,Hubei Shennongjia,china,https://whc.unesco.org/en/list/1509,active,pending_decomposition,deferred,Запись исходного каталога ещё нужно разложить на конкретные физические объекты и проверить визуальную узнаваемость.,2026-09-22,
whc-1540,world_heritage_natural,Qinghai Hoh Xil,china,https://whc.unesco.org/en/list/1540,active,pending_decomposition,deferred,Запись исходного каталога ещё нужно разложить на конкретные физические объекты и проверить визуальную узнаваемость.,2026-09-22,
whc-1559,world_heritage_natural,Fanjingshan,china,https://whc.unesco.org/en/list/1559,active,pending_decomposition,deferred,Запись исходного каталога ещё нужно разложить на конкретные физические объекты и проверить визуальную узнаваемость.,2026-09-22,
whc-1606,world_heritage_natural,Migratory Bird Sanctuaries along the Coast of Yellow Sea-Bohai Gulf of China,china,https://whc.unesco.org/en/list/1606,active,pending_decomposition,deferred,Запись исходного каталога ещё нужно разложить на конкретные физические объекты и проверить визуальную узнаваемость.,2026-09-22,
whc-1638,world_heritage_natural,Badain Jaran Desert - Towers of Sand and Lakes,china,https://whc.unesco.org/en/list/1638,active,pending_decomposition,deferred,Запись исходного каталога ещё нужно разложить на конкретные физические объекты и проверить визуальную узнаваемость.,2026-09-22,
whc-711,world_heritage_natural,Los Katíos National Park,colombia,https://whc.unesco.org/en/list/711,active,pending_decomposition,deferred,Запись исходного каталога ещё нужно разложить на конкретные физические объекты и проверить визуальную узнаваемость.,2026-09-22,
whc-1216,world_heritage_natural,Malpelo Fauna and Flora Sanctuary,colombia,https://whc.unesco.org/en/list/1216,active,pending_decomposition,deferred,Запись исходного каталога ещё нужно разложить на конкретные физические объекты и проверить визуальную узнаваемость.,2026-09-22,
whc-692,world_heritage_natural,Forest Massif of Odzala-Kokoua,congo,https://whc.unesco.org/en/list/692,active,pending_decomposition,deferred,Запись исходного каталога ещё нужно разложить на конкретные физические объекты и проверить визуальную узнаваемость.,2026-09-22,
whc-205,world_heritage_natural,Talamanca Range-La Amistad Reserves / La Amistad National Park,costa-rica|panama,https://whc.unesco.org/en/list/205,active,pending_decomposition,deferred,Запись исходного каталога ещё нужно разложить на конкретные физические объекты и проверить визуальную узнаваемость.,2026-09-22,
whc-820,world_heritage_natural,Cocos Island National Park,costa-rica,https://whc.unesco.org/en/list/820,active,pending_decomposition,deferred,Запись исходного каталога ещё нужно разложить на конкретные физические объекты и проверить визуальную узнаваемость.,2026-09-22,
whc-928,world_heritage_natural,Area de Conservación Guanacaste,costa-rica,https://whc.unesco.org/en/list/928,active,pending_decomposition,deferred,Запись исходного каталога ещё нужно разложить на конкретные физические объекты и проверить визуальную узнаваемость.,2026-09-22,
whc-155,world_heritage_natural,Mount Nimba Strict Nature Reserve,cote-divoire|guinea,https://whc.unesco.org/en/list/155,active,pending_decomposition,deferred,Запись исходного каталога ещё нужно разложить на конкретные физические объекты и проверить визуальную узнаваемость.,2026-09-22,
whc-195,world_heritage_natural,Taï National Park,cote-divoire,https://whc.unesco.org/en/list/195,active,pending_decomposition,deferred,Запись исходного каталога ещё нужно разложить на конкретные физические объекты и проверить визуальную узнаваемость.,2026-09-22,
whc-227,world_heritage_natural,Comoé National Park,cote-divoire,https://whc.unesco.org/en/list/227,active,pending_decomposition,deferred,Запись исходного каталога ещё нужно разложить на конкретные физические объекты и проверить визуальную узнаваемость.,2026-09-22,
whc-98,world_heritage_natural,Plitvice Lakes National Park,croatia,https://whc.unesco.org/en/list/98,active,pending_decomposition,deferred,Запись исходного каталога ещё нужно разложить на конкретные физические объекты и проверить визуальную узнаваемость.,2026-09-22,
whc-889,world_heritage_natural,Desembarco del Granma National Park,cuba,https://whc.unesco.org/en/list/889,active,pending_decomposition,deferred,Запись исходного каталога ещё нужно разложить на конкретные физические объекты и проверить визуальную узнаваемость.,2026-09-22,
whc-839,world_heritage_natural,Alejandro de Humboldt National Park,cuba,https://whc.unesco.org/en/list/839,active,pending_decomposition,deferred,Запись исходного каталога ещё нужно разложить на конкретные физические объекты и проверить визуальную узнаваемость.,2026-09-22,
whc-63,world_heritage_natural,Virunga National Park,democratic-republic-of-the-congo,https://whc.unesco.org/en/list/63,active,pending_decomposition,deferred,Запись исходного каталога ещё нужно разложить на конкретные физические объекты и проверить визуальную узнаваемость.,2026-09-22,
whc-137,world_heritage_natural,Kahuzi-Biega National Park,democratic-republic-of-the-congo,https://whc.unesco.org/en/list/137,active,pending_decomposition,deferred,Запись исходного каталога ещё нужно разложить на конкретные физические объекты и проверить визуальную узнаваемость.,2026-09-22,
whc-136,world_heritage_natural,Garamba National Park,democratic-republic-of-the-congo,https://whc.unesco.org/en/list/136,active,pending_decomposition,deferred,Запись исходного каталога ещё нужно разложить на конкретные физические объекты и проверить визуальную узнаваемость.,2026-09-22,
whc-280,world_heritage_natural,Salonga National Park,democratic-republic-of-the-congo,https://whc.unesco.org/en/list/280,active,pending_decomposition,deferred,Запись исходного каталога ещё нужно разложить на конкретные физические объекты и проверить визуальную узнаваемость.,2026-09-22,
whc-718,world_heritage_natural,Okapi Wildlife Reserve,democratic-republic-of-the-congo,https://whc.unesco.org/en/list/718,active,pending_decomposition,deferred,Запись исходного каталога ещё нужно разложить на конкретные физические объекты и проверить визуальную узнаваемость.,2026-09-22,
whc-1149,world_heritage_natural,Ilulissat Icefjord,denmark,https://whc.unesco.org/en/list/1149,active,pending_decomposition,deferred,Запись исходного каталога ещё нужно разложить на конкретные физические объекты и проверить визуальную узнаваемость.,2026-09-22,
whc-1314,world_heritage_natural,Wadden Sea,denmark|germany|netherlands-kingdom-of-the,https://whc.unesco.org/en/list/1314,active,pending_decomposition,deferred,Запись исходного каталога ещё нужно разложить на конкретные физические объекты и проверить визуальную узнаваемость.,2026-09-22,
whc-1416,world_heritage_natural,Stevns Klint,denmark,https://whc.unesco.org/en/list/1416,active,pending_decomposition,deferred,Запись исходного каталога ещё нужно разложить на конкретные физические объекты и проверить визуальную узнаваемость.,2026-09-22,
whc-1728,world_heritage_natural,Møns Klint,denmark,https://whc.unesco.org/en/list/1728,active,pending_decomposition,deferred,Запись исходного каталога ещё нужно разложить на конкретные физические объекты и проверить визуальную узнаваемость.,2026-09-22,
whc-1758,world_heritage_natural,The Bony Fish Fossils of the Western Limfjord – Evolution and Climate Adaptation in the Earliest Eocene,denmark,https://whc.unesco.org/en/list/1758,active,pending_decomposition,deferred,Запись исходного каталога ещё нужно разложить на конкретные физические объекты и проверить визуальную узнаваемость.,2026-09-22,
whc-814,world_heritage_natural,Morne Trois Pitons National Park,dominica,https://whc.unesco.org/en/list/814,active,pending_decomposition,deferred,Запись исходного каталога ещё нужно разложить на конкретные физические объекты и проверить визуальную узнаваемость.,2026-09-22,
whc-1,world_heritage_natural,Galápagos Islands,ecuador,https://whc.unesco.org/en/list/1,active,pending_decomposition,deferred,Запись исходного каталога ещё нужно разложить на конкретные физические объекты и проверить визуальную узнаваемость.,2026-09-22,
whc-260,world_heritage_natural,Sangay National Park,ecuador,https://whc.unesco.org/en/list/260,active,pending_decomposition,deferred,Запись исходного каталога ещё нужно разложить на конкретные физические объекты и проверить визуальную узнаваемость.,2026-09-22,
whc-1186,world_heritage_natural,Wadi Al-Hitan (Whale Valley),egypt,https://whc.unesco.org/en/list/1186,active,pending_decomposition,deferred,Запись исходного каталога ещё нужно разложить на конкретные физические объекты и проверить визуальную узнаваемость.,2026-09-22,
whc-9,world_heritage_natural,Simien National Park,ethiopia,https://whc.unesco.org/en/list/9,active,pending_decomposition,deferred,Запись исходного каталога ещё нужно разложить на конкретные физические объекты и проверить визуальную узнаваемость.,2026-09-22,
whc-111,world_heritage_natural,Bale Mountains National Park,ethiopia,https://whc.unesco.org/en/list/111,active,pending_decomposition,deferred,Запись исходного каталога ещё нужно разложить на конкретные физические объекты и проверить визуальную узнаваемость.,2026-09-22,
whc-898,world_heritage_natural,High Coast / Kvarken Archipelago,finland|sweden,https://whc.unesco.org/en/list/898,active,pending_decomposition,deferred,Запись исходного каталога ещё нужно разложить на конкретные физические объекты и проверить визуальную узнаваемость.,2026-09-22,
whc-258,world_heritage_natural,"Gulf of Porto: Calanche of Piana, Gulf of Girolata, Scandola Reserve",france,https://whc.unesco.org/en/list/258,active,pending_decomposition,deferred,Запись исходного каталога ещё нужно разложить на конкретные физические объекты и проверить визуальную узнаваемость.,2026-09-22,
whc-1115,world_heritage_natural,Lagoons of New Caledonia: Reef Diversity and Associated Ecosystems,france,https://whc.unesco.org/en/list/1115,active,pending_decomposition,deferred,Запись исходного каталога ещё нужно разложить на конкретные физические объекты и проверить визуальную узнаваемость.,2026-09-22,
whc-1317,world_heritage_natural,"Pitons, cirques and remparts of Reunion Island",france,https://whc.unesco.org/en/list/1317,active,pending_decomposition,deferred,Запись исходного каталога ещё нужно разложить на конкретные физические объекты и проверить визуальную узнаваемость.,2026-09-22,
whc-1434,world_heritage_natural,Chaîne des Puys - Limagne fault tectonic arena,france,https://whc.unesco.org/en/list/1434,active,pending_decomposition,deferred,Запись исходного каталога ещё нужно разложить на конкретные физические объекты и проверить визуальную узнаваемость.,2026-09-22,
whc-1603,world_heritage_natural,French Austral Lands and Seas,france,https://whc.unesco.org/en/list/1603,active,pending_decomposition,deferred,Запись исходного каталога ещё нужно разложить на конкретные физические объекты и проверить визуальную узнаваемость.,2026-09-22,
whc-1657,world_heritage_natural,Volcanoes and Forests of Mount Pelée and the Pitons of Northern Martinique,france,https://whc.unesco.org/en/list/1657,active,pending_decomposition,deferred,Запись исходного каталога ещё нужно разложить на конкретные физические объекты и проверить визуальную узнаваемость.,2026-09-22,
whc-1653,world_heritage_natural,Ivindo National Park,gabon,https://whc.unesco.org/en/list/1653,active,pending_decomposition,deferred,Запись исходного каталога ещё нужно разложить на конкретные физические объекты и проверить визуальную узнаваемость.,2026-09-22,
whc-1616,world_heritage_natural,Colchic Rainforests and Wetlands,georgia,https://whc.unesco.org/en/list/1616,active,pending_decomposition,deferred,Запись исходного каталога ещё нужно разложить на конкретные физические объекты и проверить визуальную узнаваемость.,2026-09-22,
whc-720,world_heritage_natural,Messel Pit Fossil Site,germany,https://whc.unesco.org/en/list/720,active,pending_decomposition,deferred,Запись исходного каталога ещё нужно разложить на конкретные физические объекты и проверить визуальную узнаваемость.,2026-09-22,
whc-1431,world_heritage_natural,Coastal and Marine Ecosystems of the Bijagós Archipelago – Omatí Minhô,guinea-bissau,https://whc.unesco.org/en/list/1431,active,pending_decomposition,deferred,Запись исходного каталога ещё нужно разложить на конкретные физические объекты и проверить визуальную узнаваемость.,2026-09-22,
whc-196,world_heritage_natural,Río Plátano Biosphere Reserve,honduras,https://whc.unesco.org/en/list/196,active,pending_decomposition,deferred,Запись исходного каталога ещё нужно разложить на конкретные физические объекты и проверить визуальную узнаваемость.,2026-09-22,
whc-725,world_heritage_natural,Caves of Aggtelek Karst and Slovak Karst,hungary|slovakia,https://whc.unesco.org/en/list/725,active,pending_decomposition,deferred,Запись исходного каталога ещё нужно разложить на конкретные физические объекты и проверить визуальную узнаваемость.,2026-09-22,
whc-1267,world_heritage_natural,Surtsey,iceland,https://whc.unesco.org/en/list/1267,active,sources_checked,eligible,Запись каталога описывает сам именованный вулканический остров.,2026-09-23,Выделенные объекты: surtsey
whc-1604,world_heritage_natural,Vatnajökull National Park - Dynamic Nature of Fire and Ice,iceland,https://whc.unesco.org/en/list/1604,active,pending_decomposition,deferred,Запись исходного каталога ещё нужно разложить на конкретные физические объекты и проверить визуальную узнаваемость.,2026-09-22,
whc-337,world_heritage_natural,Kaziranga National Park,india,https://whc.unesco.org/en/list/337,active,pending_decomposition,deferred,Запись исходного каталога ещё нужно разложить на конкретные физические объекты и проверить визуальную узнаваемость.,2026-09-22,
whc-340,world_heritage_natural,Keoladeo National Park,india,https://whc.unesco.org/en/list/340,active,pending_decomposition,deferred,Запись исходного каталога ещё нужно разложить на конкретные физические объекты и проверить визуальную узнаваемость.,2026-09-22,
whc-338,world_heritage_natural,Manas Wildlife Sanctuary,india,https://whc.unesco.org/en/list/338,active,pending_decomposition,deferred,Запись исходного каталога ещё нужно разложить на конкретные физические объекты и проверить визуальную узнаваемость.,2026-09-22,
whc-452,world_heritage_natural,Sundarbans National Park,india,https://whc.unesco.org/en/list/452,active,pending_decomposition,deferred,Запись исходного каталога ещё нужно разложить на конкретные физические объекты и проверить визуальную узнаваемость.,2026-09-22,
whc-335,world_heritage_natural,Nanda Devi and Valley of Flowers National Parks,india,https://whc.unesco.org/en/list/335,active,pending_decomposition,deferred,Запись исходного каталога ещё нужно разложить на конкретные физические объекты и проверить визуальную узнаваемость.,2026-09-22,
whc-1342,world_heritage_natural,Western Ghats,india,https://whc.unesco.org/en/list/1342,active,pending_decomposition,deferred,Запись исходного каталога ещё нужно разложить на конкретные физические объекты и проверить визуальную узнаваемость.,2026-09-22,
whc-1406,world_heritage_natural,Great Himalayan National Park Conservation Area,india,https://whc.unesco.org/en/list/1406,active,pending_decomposition,deferred,Запись исходного каталога ещё нужно разложить на конкретные физические объекты и проверить визуальную узнаваемость.,2026-09-22,
whc-609,world_heritage_natural,Komodo National Park,indonesia,https://whc.unesco.org/en/list/609,active,pending_decomposition,deferred,Запись исходного каталога ещё нужно разложить на конкретные физические объекты и проверить визуальную узнаваемость.,2026-09-22,
whc-608,world_heritage_natural,Ujung Kulon National Park,indonesia,https://whc.unesco.org/en/list/608,active,pending_decomposition,deferred,Запись исходного каталога ещё нужно разложить на конкретные физические объекты и проверить визуальную узнаваемость.,2026-09-22,
whc-955,world_heritage_natural,Lorentz National Park,indonesia,https://whc.unesco.org/en/list/955,active,pending_decomposition,deferred,Запись исходного каталога ещё нужно разложить на конкретные физические объекты и проверить визуальную узнаваемость.,2026-09-22,
whc-1167,world_heritage_natural,Tropical Rainforest Heritage of Sumatra,indonesia,https://whc.unesco.org/en/list/1167,active,pending_decomposition,deferred,Запись исходного каталога ещё нужно разложить на конкретные физические объекты и проверить визуальную узнаваемость.,2026-09-22,
whc-1505,world_heritage_natural,Lut Desert,iran,https://whc.unesco.org/en/list/1505,active,pending_decomposition,deferred,Запись исходного каталога ещё нужно разложить на конкретные физические объекты и проверить визуальную узнаваемость.,2026-09-22,
whc-908,world_heritage_natural,Isole Eolie (Aeolian Islands),italy,https://whc.unesco.org/en/list/908,active,pending_decomposition,deferred,Запись исходного каталога ещё нужно разложить на конкретные физические объекты и проверить визуальную узнаваемость.,2026-09-22,
whc-1090,world_heritage_natural,Monte San Giorgio,italy|switzerland,https://whc.unesco.org/en/list/1090,active,pending_decomposition,deferred,Запись исходного каталога ещё нужно разложить на конкретные физические объекты и проверить визуальную узнаваемость.,2026-09-22,
whc-1237,world_heritage_natural,The Dolomites,italy,https://whc.unesco.org/en/list/1237,active,pending_decomposition,deferred,Запись исходного каталога ещё нужно разложить на конкретные физические объекты и проверить визуальную узнаваемость.,2026-09-22,
whc-1427,world_heritage_natural,Mount Etna,italy,https://whc.unesco.org/en/list/1427,active,pending_decomposition,deferred,Запись исходного каталога ещё нужно разложить на конкретные физические объекты и проверить визуальную узнаваемость.,2026-09-22,
whc-1692,world_heritage_natural,Evaporitic Karst and Caves of Northern Apennines,italy,https://whc.unesco.org/en/list/1692,active,pending_decomposition,deferred,Запись исходного каталога ещё нужно разложить на конкретные физические объекты и проверить визуальную узнаваемость.,2026-09-22,
whc-663,world_heritage_natural,Shirakami-Sanchi,japan,https://whc.unesco.org/en/list/663,active,pending_decomposition,deferred,Запись исходного каталога ещё нужно разложить на конкретные физические объекты и проверить визуальную узнаваемость.,2026-09-22,
whc-662,world_heritage_natural,Yakushima,japan,https://whc.unesco.org/en/list/662,active,pending_decomposition,deferred,Запись исходного каталога ещё нужно разложить на конкретные физические объекты и проверить визуальную узнаваемость.,2026-09-22,
whc-1193,world_heritage_natural,Shiretoko,japan,https://whc.unesco.org/en/list/1193,active,pending_decomposition,deferred,Запись исходного каталога ещё нужно разложить на конкретные физические объекты и проверить визуальную узнаваемость.,2026-09-22,
whc-1362,world_heritage_natural,Ogasawara Islands,japan,https://whc.unesco.org/en/list/1362,active,pending_decomposition,deferred,Запись исходного каталога ещё нужно разложить на конкретные физические объекты и проверить визуальную узнаваемость.,2026-09-22,
whc-1574,world_heritage_natural,"Amami-Oshima Island, Tokunoshima Island, Northern part of Okinawa Island, and Iriomote Island",japan,https://whc.unesco.org/en/list/1574,active,pending_decomposition,deferred,Запись исходного каталога ещё нужно разложить на конкретные физические объекты и проверить визуальную узнаваемость.,2026-09-22,
whc-1742,world_heritage_natural,Aqaba Marine Reserve,jordan,https://whc.unesco.org/en/list/1742,active,pending_decomposition,deferred,Запись исходного каталога ещё нужно разложить на конкретные физические объекты и проверить визуальную узнаваемость.,2026-09-22,
whc-1102,world_heritage_natural,Saryarka – Steppe and Lakes of Northern Kazakhstan,kazakhstan,https://whc.unesco.org/en/list/1102,active,pending_decomposition,deferred,Запись исходного каталога ещё нужно разложить на конкретные физические объекты и проверить визуальную узнаваемость.,2026-09-22,
whc-1490,world_heritage_natural,Western Tien-Shan,kazakhstan|kyrgyzstan|uzbekistan,https://whc.unesco.org/en/list/1490,active,pending_decomposition,deferred,Запись исходного каталога ещё нужно разложить на конкретные физические объекты и проверить визуальную узнаваемость.,2026-09-22,
whc-1693,world_heritage_natural,Cold Winter Deserts of Turan,kazakhstan|turkmenistan|uzbekistan,https://whc.unesco.org/en/list/1693,active,pending_decomposition,deferred,Запись исходного каталога ещё нужно разложить на конкретные физические объекты и проверить визуальную узнаваемость.,2026-09-22,
whc-801,world_heritage_natural,Lake Turkana National Parks,kenya,https://whc.unesco.org/en/list/801,active,pending_decomposition,deferred,Запись исходного каталога ещё нужно разложить на конкретные физические объекты и проверить визуальную узнаваемость.,2026-09-22,
whc-800,world_heritage_natural,Mount Kenya National Park/Natural Forest,kenya,https://whc.unesco.org/en/list/800,active,pending_decomposition,deferred,Запись исходного каталога ещё нужно разложить на конкретные физические объекты и проверить визуальную узнаваемость.,2026-09-22,
whc-1060,world_heritage_natural,Kenya Lake System in the Great Rift Valley,kenya,https://whc.unesco.org/en/list/1060,active,pending_decomposition,deferred,Запись исходного каталога ещё нужно разложить на конкретные физические объекты и проверить визуальную узнаваемость.,2026-09-22,
whc-1325,world_heritage_natural,Phoenix Islands Protected Area,kiribati,https://whc.unesco.org/en/list/1325,active,pending_decomposition,deferred,Запись исходного каталога ещё нужно разложить на конкретные физические объекты и проверить визуальную узнаваемость.,2026-09-22,
whc-951,world_heritage_natural,Phong Nha-Ke Bang National Park and Hin Nam No National Park,laos|vietnam,https://whc.unesco.org/en/list/951,active,pending_decomposition,deferred,Запись исходного каталога ещё нужно разложить на конкретные физические объекты и проверить визуальную узнаваемость.,2026-09-22,
whc-494,world_heritage_natural,Andrefana Dry Forests,madagascar,https://whc.unesco.org/en/list/494,active,pending_decomposition,deferred,Запись исходного каталога ещё нужно разложить на конкретные физические объекты и проверить визуальную узнаваемость.,2026-09-22,
whc-1257,world_heritage_natural,Rainforests of the Atsinanana,madagascar,https://whc.unesco.org/en/list/1257,active,pending_decomposition,deferred,Запись исходного каталога ещё нужно разложить на конкретные физические объекты и проверить визуальную узнаваемость.,2026-09-22,
whc-289,world_heritage_natural,Lake Malawi National Park,malawi,https://whc.unesco.org/en/list/289,active,pending_decomposition,deferred,Запись исходного каталога ещё нужно разложить на конкретные физические объекты и проверить визуальную узнаваемость.,2026-09-22,
whc-1013,world_heritage_natural,Gunung Mulu National Park,malaysia,https://whc.unesco.org/en/list/1013,active,pending_decomposition,deferred,Запись исходного каталога ещё нужно разложить на конкретные физические объекты и проверить визуальную узнаваемость.,2026-09-22,
whc-1012,world_heritage_natural,Kinabalu Park,malaysia,https://whc.unesco.org/en/list/1012,active,pending_decomposition,deferred,Запись исходного каталога ещё нужно разложить на конкретные физические объекты и проверить визуальную узнаваемость.,2026-09-22,
whc-506,world_heritage_natural,Banc d'Arguin National Park,mauritania,https://whc.unesco.org/en/list/506,active,pending_decomposition,deferred,Запись исходного каталога ещё нужно разложить на конкретные физические объекты и проверить визуальную узнаваемость.,2026-09-22,
whc-410,world_heritage_natural,Sian Ka'an,mexico,https://whc.unesco.org/en/list/410,active,pending_decomposition,deferred,Запись исходного каталога ещё нужно разложить на конкретные физические объекты и проверить визуальную узнаваемость.,2026-09-22,
whc-554,world_heritage_natural,Whale Sanctuary of El Vizcaino,mexico,https://whc.unesco.org/en/list/554,active,pending_decomposition,deferred,Запись исходного каталога ещё нужно разложить на конкретные физические объекты и проверить визуальную узнаваемость.,2026-09-22,
whc-1182,world_heritage_natural,Islands and Protected Areas of the Gulf of California,mexico,https://whc.unesco.org/en/list/1182,active,pending_decomposition,deferred,Запись исходного каталога ещё нужно разложить на конкретные физические объекты и проверить визуальную узнаваемость.,2026-09-22,
whc-1290,world_heritage_natural,Monarch Butterfly Biosphere Reserve,mexico,https://whc.unesco.org/en/list/1290,active,pending_decomposition,deferred,Запись исходного каталога ещё нужно разложить на конкретные физические объекты и проверить визуальную узнаваемость.,2026-09-22,
whc-1410,world_heritage_natural,El Pinacate and Gran Desierto de Altar Biosphere Reserve,mexico,https://whc.unesco.org/en/list/1410,active,pending_decomposition,deferred,Запись исходного каталога ещё нужно разложить на конкретные физические объекты и проверить визуальную узнаваемость.,2026-09-22,
whc-1510,world_heritage_natural,Archipiélago de Revillagigedo,mexico,https://whc.unesco.org/en/list/1510,active,pending_decomposition,deferred,Запись исходного каталога ещё нужно разложить на конкретные физические объекты и проверить визуальную узнаваемость.,2026-09-22,
whc-769,world_heritage_natural,Uvs Nuur Basin,mongolia|russia,https://whc.unesco.org/en/list/769,active,pending_decomposition,deferred,Запись исходного каталога ещё нужно разложить на конкретные физические объекты и проверить визуальную узнаваемость.,2026-09-22,
whc-1448,world_heritage_natural,Landscapes of Dauria,mongolia|russia,https://whc.unesco.org/en/list/1448,active,pending_decomposition,deferred,Запись исходного каталога ещё нужно разложить на конкретные физические объекты и проверить визуальную узнаваемость.,2026-09-22,
whc-100,world_heritage_natural,Durmitor National Park,montenegro,https://whc.unesco.org/en/list/100,active,pending_decomposition,deferred,Запись исходного каталога ещё нужно разложить на конкретные физические объекты и проверить визуальную узнаваемость.,2026-09-22,
whc-914,world_heritage_natural,iSimangaliso Wetland Park – Maputo National Park,mozambique|south-africa,https://whc.unesco.org/en/list/914,active,pending_decomposition,deferred,Запись исходного каталога ещё нужно разложить на конкретные физические объекты и проверить визуальную узнаваемость.,2026-09-22,
whc-1430,world_heritage_natural,Namib Sand Sea,namibia,https://whc.unesco.org/en/list/1430,active,sources_checked,eligible,Именованная песчаная пустыня сама является физическим объектом.,2026-09-23,Выделенные объекты: namib-sand-sea
whc-120,world_heritage_natural,Sagarmatha National Park,nepal,https://whc.unesco.org/en/list/120,active,pending_decomposition,deferred,Запись исходного каталога ещё нужно разложить на конкретные физические объекты и проверить визуальную узнаваемость.,2026-09-22,
whc-284,world_heritage_natural,Chitwan National Park,nepal,https://whc.unesco.org/en/list/284,active,pending_decomposition,deferred,Запись исходного каталога ещё нужно разложить на конкретные физические объекты и проверить визуальную узнаваемость.,2026-09-22,
whc-551,world_heritage_natural,Te Wahipounamu – South West New Zealand,new-zealand,https://whc.unesco.org/en/list/551,active,pending_decomposition,deferred,Запись исходного каталога ещё нужно разложить на конкретные физические объекты и проверить визуальную узнаваемость.,2026-09-22,
whc-877,world_heritage_natural,New Zealand Sub-Antarctic Islands,new-zealand,https://whc.unesco.org/en/list/877,active,pending_decomposition,deferred,Запись исходного каталога ещё нужно разложить на конкретные физические объекты и проверить визуальную узнаваемость.,2026-09-22,
whc-573,world_heritage_natural,Air and Ténéré Natural Reserves,niger,https://whc.unesco.org/en/list/573,active,pending_decomposition,deferred,Запись исходного каталога ещё нужно разложить на конкретные физические объекты и проверить визуальную узнаваемость.,2026-09-22,
whc-1195,world_heritage_natural,West Norwegian Fjords – Geirangerfjord and Nærøyfjord,norway,https://whc.unesco.org/en/list/1195,active,pending_decomposition,deferred,Запись исходного каталога ещё нужно разложить на конкретные физические объекты и проверить визуальную узнаваемость.,2026-09-22,
whc-654,world_heritage_natural,Arabian Oryx Sanctuary,oman,https://whc.unesco.org/en/list/654,delisted,pending_decomposition,excluded,Объект исключён из списка всемирного наследия; сохранён для воспроизводимости среза и не считается действующим кандидатом.,2026-09-22,
whc-159,world_heritage_natural,Darien National Park,panama,https://whc.unesco.org/en/list/159,active,pending_decomposition,deferred,Запись исходного каталога ещё нужно разложить на конкретные физические объекты и проверить визуальную узнаваемость.,2026-09-22,
whc-1138,world_heritage_natural,Coiba National Park and its Special Zone of Marine Protection,panama,https://whc.unesco.org/en/list/1138,active,pending_decomposition,deferred,Запись исходного каталога ещё нужно разложить на конкретные физические объекты и проверить визуальную узнаваемость.,2026-09-22,
whc-333,world_heritage_natural,Huascarán National Park,peru,https://whc.unesco.org/en/list/333,active,pending_decomposition,deferred,Запись исходного каталога ещё нужно разложить на конкретные физические объекты и проверить визуальную узнаваемость.,2026-09-22,
whc-402,world_heritage_natural,Manú National Park,peru,https://whc.unesco.org/en/list/402,active,pending_decomposition,deferred,Запись исходного каталога ещё нужно разложить на конкретные физические объекты и проверить визуальную узнаваемость.,2026-09-22,
whc-653,world_heritage_natural,Tubbataha Reefs Natural Park,philippines,https://whc.unesco.org/en/list/653,active,pending_decomposition,deferred,Запись исходного каталога ещё нужно разложить на конкретные физические объекты и проверить визуальную узнаваемость.,2026-09-22,
whc-652,world_heritage_natural,Puerto-Princesa Subterranean River National Park,philippines,https://whc.unesco.org/en/list/652,active,pending_decomposition,deferred,Запись исходного каталога ещё нужно разложить на конкретные физические объекты и проверить визуальную узнаваемость.,2026-09-22,
whc-1403,world_heritage_natural,Mount Hamiguitan Range Wildlife Sanctuary,philippines,https://whc.unesco.org/en/list/1403,active,pending_decomposition,deferred,Запись исходного каталога ещё нужно разложить на конкретные физические объекты и проверить визуальную узнаваемость.,2026-09-22,
whc-934,world_heritage_natural,Laurisilva of Madeira,portugal,https://whc.unesco.org/en/list/934,active,pending_decomposition,deferred,Запись исходного каталога ещё нужно разложить на конкретные физические объекты и проверить визуальную узнаваемость.,2026-09-22,
whc-1264,world_heritage_natural,Jeju Volcanic Island and Lava Tubes,south-korea,https://whc.unesco.org/en/list/1264,active,sources_checked,eligible,Объект ЮНЕСКО разложен на три отдельно названных физических компонента.,2026-09-23,Выделенные объекты: geomunoreum-lava-tubes|seongsan-ilchulbong|mount-halla
whc-1591,world_heritage_natural,"Getbol, Korean Tidal Flats",south-korea,https://whc.unesco.org/en/list/1591,active,pending_decomposition,deferred,Запись исходного каталога ещё нужно разложить на конкретные физические объекты и проверить визуальную узнаваемость.,2026-09-22,
whc-588,world_heritage_natural,Danube Delta,romania,https://whc.unesco.org/en/list/588,active,pending_decomposition,deferred,Запись исходного каталога ещё нужно разложить на конкретные физические объекты и проверить визуальную узнаваемость.,2026-09-22,
whc-719,world_heritage_natural,Virgin Komi Forests,russia,https://whc.unesco.org/en/list/719,active,pending_decomposition,deferred,Запись исходного каталога ещё нужно разложить на конкретные физические объекты и проверить визуальную узнаваемость.,2026-09-22,
whc-754,world_heritage_natural,Lake Baikal,russia,https://whc.unesco.org/en/list/754,active,sources_checked,eligible,Выделен конкретный физический объект — озеро Байкал.,2026-09-23,Выделенные объекты: lake-baikal
whc-765,world_heritage_natural,Volcanoes of Kamchatka,russia,https://whc.unesco.org/en/list/765,active,pending_decomposition,deferred,Запись исходного каталога ещё нужно разложить на конкретные физические объекты и проверить визуальную узнаваемость.,2026-09-22,
whc-768,world_heritage_natural,Golden Mountains of Altai,russia,https://whc.unesco.org/en/list/768,active,pending_decomposition,deferred,Запись исходного каталога ещё нужно разложить на конкретные физические объекты и проверить визуальную узнаваемость.,2026-09-22,
whc-900,world_heritage_natural,Western Caucasus,russia,https://whc.unesco.org/en/list/900,active,pending_decomposition,deferred,Запись исходного каталога ещё нужно разложить на конкретные физические объекты и проверить визуальную узнаваемость.,2026-09-22,
whc-766,world_heritage_natural,Central Sikhote-Alin,russia,https://whc.unesco.org/en/list/766,active,pending_decomposition,deferred,Запись исходного каталога ещё нужно разложить на конкретные физические объекты и проверить визуальную узнаваемость.,2026-09-22,
whc-1023,world_heritage_natural,Natural System of Wrangel Island Reserve,russia,https://whc.unesco.org/en/list/1023,active,pending_decomposition,deferred,Запись исходного каталога ещё нужно разложить на конкретные физические объекты и проверить визуальную узнаваемость.,2026-09-22,
whc-1234,world_heritage_natural,Putorana Plateau,russia,https://whc.unesco.org/en/list/1234,active,pending_decomposition,deferred,Запись исходного каталога ещё нужно разложить на конкретные физические объекты и проверить визуальную узнаваемость.,2026-09-22,
whc-1299,world_heritage_natural,Lena Pillars Nature Park,russia,https://whc.unesco.org/en/list/1299,active,pending_decomposition,deferred,Запись исходного каталога ещё нужно разложить на конкретные физические объекты и проверить визуальную узнаваемость.,2026-09-22,
whc-1697,world_heritage_natural,Nyungwe National Park,rwanda,https://whc.unesco.org/en/list/1697,active,pending_decomposition,deferred,Запись исходного каталога ещё нужно разложить на конкретные физические объекты и проверить визуальную узнаваемость.,2026-09-22,
whc-1161,world_heritage_natural,Pitons Management Area,saint-lucia,https://whc.unesco.org/en/list/1161,active,pending_decomposition,deferred,Запись исходного каталога ещё нужно разложить на конкретные физические объекты и проверить визуальную узнаваемость.,2026-09-22,
whc-1699,world_heritage_natural,‘Uruq Bani Ma’arid,saudi-arabia,https://whc.unesco.org/en/list/1699,active,pending_decomposition,deferred,Запись исходного каталога ещё нужно разложить на конкретные физические объекты и проверить визуальную узнаваемость.,2026-09-22,
whc-25,world_heritage_natural,Djoudj National Bird Sanctuary,senegal,https://whc.unesco.org/en/list/25,active,pending_decomposition,deferred,Запись исходного каталога ещё нужно разложить на конкретные физические объекты и проверить визуальную узнаваемость.,2026-09-22,
whc-153,world_heritage_natural,Niokolo-Koba National Park,senegal,https://whc.unesco.org/en/list/153,active,pending_decomposition,deferred,Запись исходного каталога ещё нужно разложить на конкретные физические объекты и проверить визуальную узнаваемость.,2026-09-22,
whc-185,world_heritage_natural,Aldabra Atoll,seychelles,https://whc.unesco.org/en/list/185,active,pending_decomposition,deferred,Запись исходного каталога ещё нужно разложить на конкретные физические объекты и проверить визуальную узнаваемость.,2026-09-22,
whc-261,world_heritage_natural,Vallée de Mai Nature Reserve,seychelles,https://whc.unesco.org/en/list/261,active,pending_decomposition,deferred,Запись исходного каталога ещё нужно разложить на конкретные физические объекты и проверить визуальную узнаваемость.,2026-09-22,
whc-1746,world_heritage_natural,Gola-Tiwai Complex,sierra-leone,https://whc.unesco.org/en/list/1746,active,pending_decomposition,deferred,Запись исходного каталога ещё нужно разложить на конкретные физические объекты и проверить визуальную узнаваемость.,2026-09-22,
whc-390,world_heritage_natural,Škocjan Caves,slovenia,https://whc.unesco.org/en/list/390,active,pending_decomposition,deferred,Запись исходного каталога ещё нужно разложить на конкретные физические объекты и проверить визуальную узнаваемость.,2026-09-22,
whc-854,world_heritage_natural,East Rennell,solomon-islands,https://whc.unesco.org/en/list/854,active,pending_decomposition,deferred,Запись исходного каталога ещё нужно разложить на конкретные физические объекты и проверить визуальную узнаваемость.,2026-09-22,
whc-1007,world_heritage_natural,Cape Floral Region Protected Areas,south-africa,https://whc.unesco.org/en/list/1007,active,pending_decomposition,deferred,Запись исходного каталога ещё нужно разложить на конкретные физические объекты и проверить визуальную узнаваемость.,2026-09-22,
whc-1162,world_heritage_natural,Vredefort Dome,south-africa,https://whc.unesco.org/en/list/1162,active,pending_decomposition,deferred,Запись исходного каталога ещё нужно разложить на конкретные физические объекты и проверить визуальную узнаваемость.,2026-09-22,
whc-1575,world_heritage_natural,Barberton Makhonjwa Mountains,south-africa,https://whc.unesco.org/en/list/1575,active,pending_decomposition,deferred,Запись исходного каталога ещё нужно разложить на конкретные физические объекты и проверить визуальную узнаваемость.,2026-09-22,
whc-1808,world_heritage_natural,Boma–Badingilo Migratory Landscape,south-sudan,https://whc.unesco.org/en/list/1808,active,pending_decomposition,deferred,Запись исходного каталога ещё нужно разложить на конкретные физические объекты и проверить визуальную узнаваемость.,2026-09-22,
whc-380,world_heritage_natural,Garajonay National Park,spain,https://whc.unesco.org/en/list/380,active,pending_decomposition,deferred,Запись исходного каталога ещё нужно разложить на конкретные физические объекты и проверить визуальную узнаваемость.,2026-09-22,
whc-685,world_heritage_natural,Doñana National Park,spain,https://whc.unesco.org/en/list/685,active,pending_decomposition,deferred,Запись исходного каталога ещё нужно разложить на конкретные физические объекты и проверить визуальную узнаваемость.,2026-09-22,
whc-1258,world_heritage_natural,Teide National Park,spain,https://whc.unesco.org/en/list/1258,active,sources_checked,eligible,Из национального парка выделен конкретный вулкан Тейде.,2026-09-23,Выделенные объекты: mount-teide
whc-405,world_heritage_natural,Sinharaja Forest Reserve,sri-lanka,https://whc.unesco.org/en/list/405,active,pending_decomposition,deferred,Запись исходного каталога ещё нужно разложить на конкретные физические объекты и проверить визуальную узнаваемость.,2026-09-22,
whc-1203,world_heritage_natural,Central Highlands of Sri Lanka,sri-lanka,https://whc.unesco.org/en/list/1203,active,pending_decomposition,deferred,Запись исходного каталога ещё нужно разложить на конкретные физические объекты и проверить визуальную узнаваемость.,2026-09-22,
whc-262,world_heritage_natural,Sanganeb Marine National Park and Dungonab Bay – Mukkawar Island Marine National Park,sudan,https://whc.unesco.org/en/list/262,active,pending_decomposition,deferred,Запись исходного каталога ещё нужно разложить на конкретные физические объекты и проверить визуальную узнаваемость.,2026-09-22,
whc-1017,world_heritage_natural,Central Suriname Nature Reserve,suriname,https://whc.unesco.org/en/list/1017,active,pending_decomposition,deferred,Запись исходного каталога ещё нужно разложить на конкретные физические объекты и проверить визуальную узнаваемость.,2026-09-22,
whc-1037,world_heritage_natural,Swiss Alps Jungfrau-Aletsch,switzerland,https://whc.unesco.org/en/list/1037,active,pending_decomposition,deferred,Запись исходного каталога ещё нужно разложить на конкретные физические объекты и проверить визуальную узнаваемость.,2026-09-22,
whc-1179,world_heritage_natural,Swiss Tectonic Arena Sardona,switzerland,https://whc.unesco.org/en/list/1179,active,pending_decomposition,deferred,Запись исходного каталога ещё нужно разложить на конкретные физические объекты и проверить визуальную узнаваемость.,2026-09-22,
whc-1252,world_heritage_natural,Tajik National Park (Mountains of the Pamirs),tajikistan,https://whc.unesco.org/en/list/1252,active,pending_decomposition,deferred,Запись исходного каталога ещё нужно разложить на конкретные физические объекты и проверить визуальную узнаваемость.,2026-09-22,
whc-1685,world_heritage_natural,Tugay forests of the Tigrovaya Balka Nature Reserve,tajikistan,https://whc.unesco.org/en/list/1685,active,pending_decomposition,deferred,Запись исходного каталога ещё нужно разложить на конкретные физические объекты и проверить визуальную узнаваемость.,2026-09-22,
whc-591,world_heritage_natural,Thungyai-Huai Kha Khaeng Wildlife Sanctuaries,thailand,https://whc.unesco.org/en/list/591,active,pending_decomposition,deferred,Запись исходного каталога ещё нужно разложить на конкретные физические объекты и проверить визуальную узнаваемость.,2026-09-22,
whc-590,world_heritage_natural,Dong Phayayen-Khao Yai Forest Complex,thailand,https://whc.unesco.org/en/list/590,active,pending_decomposition,deferred,Запись исходного каталога ещё нужно разложить на конкретные физические объекты и проверить визуальную узнаваемость.,2026-09-22,
whc-1461,world_heritage_natural,Kaeng Krachan Forest Complex,thailand,https://whc.unesco.org/en/list/1461,active,pending_decomposition,deferred,Запись исходного каталога ещё нужно разложить на конкретные физические объекты и проверить визуальную узнаваемость.,2026-09-22,
whc-8,world_heritage_natural,Ichkeul National Park,tunisia,https://whc.unesco.org/en/list/8,active,pending_decomposition,deferred,Запись исходного каталога ещё нужно разложить на конкретные физические объекты и проверить визуальную узнаваемость.,2026-09-22,
whc-682,world_heritage_natural,Bwindi Impenetrable National Park,uganda,https://whc.unesco.org/en/list/682,active,pending_decomposition,deferred,Запись исходного каталога ещё нужно разложить на конкретные физические объекты и проверить визуальную узнаваемость.,2026-09-22,
whc-684,world_heritage_natural,Rwenzori Mountains National Park,uganda,https://whc.unesco.org/en/list/684,active,pending_decomposition,deferred,Запись исходного каталога ещё нужно разложить на конкретные физические объекты и проверить визуальную узнаваемость.,2026-09-22,
whc-1724,world_heritage_natural,Wadi Wurayah,united-arab-emirates,https://whc.unesco.org/en/list/1724,active,pending_decomposition,deferred,Запись исходного каталога ещё нужно разложить на конкретные физические объекты и проверить визуальную узнаваемость.,2026-09-22,
whc-369,world_heritage_natural,Giant's Causeway and Causeway Coast,united-kingdom,https://whc.unesco.org/en/list/369,active,sources_checked,eligible,Из охраняемой прибрежной территории выделена сама Тропа гигантов.,2026-09-23,Выделенные объекты: giants-causeway
whc-487,world_heritage_natural,Henderson Island,united-kingdom,https://whc.unesco.org/en/list/487,active,pending_decomposition,deferred,Запись исходного каталога ещё нужно разложить на конкретные физические объекты и проверить визуальную узнаваемость.,2026-09-22,
whc-740,world_heritage_natural,Gough and Inaccessible Islands,united-kingdom,https://whc.unesco.org/en/list/740,active,pending_decomposition,deferred,Запись исходного каталога ещё нужно разложить на конкретные физические объекты и проверить визуальную узнаваемость.,2026-09-22,
whc-1029,world_heritage_natural,Dorset and East Devon Coast,united-kingdom,https://whc.unesco.org/en/list/1029,active,pending_decomposition,deferred,Запись исходного каталога ещё нужно разложить на конкретные физические объекты и проверить визуальную узнаваемость.,2026-09-22,
whc-1722,world_heritage_natural,The Flow Country,united-kingdom,https://whc.unesco.org/en/list/1722,active,pending_decomposition,deferred,Запись исходного каталога ещё нужно разложить на конкретные физические объекты и проверить визуальную узнаваемость.,2026-09-22,
whc-156,world_heritage_natural,Serengeti National Park,tanzania,https://whc.unesco.org/en/list/156,active,pending_decomposition,deferred,Запись исходного каталога ещё нужно разложить на конкретные физические объекты и проверить визуальную узнаваемость.,2026-09-22,
whc-199,world_heritage_natural,Selous Game Reserve,tanzania,https://whc.unesco.org/en/list/199,active,pending_decomposition,deferred,Запись исходного каталога ещё нужно разложить на конкретные физические объекты и проверить визуальную узнаваемость.,2026-09-22,
whc-403,world_heritage_natural,Kilimanjaro National Park,tanzania,https://whc.unesco.org/en/list/403,active,sources_checked,eligible,Из парковой территории выделена конкретная гора Килиманджаро.,2026-09-23,Выделенные объекты: mount-kilimanjaro
whc-28,world_heritage_natural,Yellowstone National Park,united-states,https://whc.unesco.org/en/list/28,active,pending_decomposition,deferred,Запись исходного каталога ещё нужно разложить на конкретные физические объекты и проверить визуальную узнаваемость.,2026-09-22,
whc-76,world_heritage_natural,Everglades National Park,united-states,https://whc.unesco.org/en/list/76,active,pending_decomposition,deferred,Запись исходного каталога ещё нужно разложить на конкретные физические объекты и проверить визуальную узнаваемость.,2026-09-22,
whc-75,world_heritage_natural,Grand Canyon National Park,united-states,https://whc.unesco.org/en/list/75,active,pending_decomposition,deferred,Запись исходного каталога ещё нужно разложить на конкретные физические объекты и проверить визуальную узнаваемость.,2026-09-22,
whc-134,world_heritage_natural,Redwood National and State Parks,united-states,https://whc.unesco.org/en/list/134,active,pending_decomposition,deferred,Запись исходного каталога ещё нужно разложить на конкретные физические объекты и проверить визуальную узнаваемость.,2026-09-22,
whc-150,world_heritage_natural,Mammoth Cave National Park,united-states,https://whc.unesco.org/en/list/150,active,pending_decomposition,deferred,Запись исходного каталога ещё нужно разложить на конкретные физические объекты и проверить визуальную узнаваемость.,2026-09-22,
whc-151,world_heritage_natural,Olympic National Park,united-states,https://whc.unesco.org/en/list/151,active,pending_decomposition,deferred,Запись исходного каталога ещё нужно разложить на конкретные физические объекты и проверить визуальную узнаваемость.,2026-09-22,
whc-259,world_heritage_natural,Great Smoky Mountains National Park,united-states,https://whc.unesco.org/en/list/259,active,pending_decomposition,deferred,Запись исходного каталога ещё нужно разложить на конкретные физические объекты и проверить визуальную узнаваемость.,2026-09-22,
whc-308,world_heritage_natural,Yosemite National Park,united-states,https://whc.unesco.org/en/list/308,active,pending_decomposition,deferred,Запись исходного каталога ещё нужно разложить на конкретные физические объекты и проверить визуальную узнаваемость.,2026-09-22,
whc-409,world_heritage_natural,Hawaii Volcanoes National Park,united-states,https://whc.unesco.org/en/list/409,active,pending_decomposition,deferred,Запись исходного каталога ещё нужно разложить на конкретные физические объекты и проверить визуальную узнаваемость.,2026-09-22,
whc-721,world_heritage_natural,Carlsbad Caverns National Park,united-states,https://whc.unesco.org/en/list/721,active,pending_decomposition,deferred,Запись исходного каталога ещё нужно разложить на конкретные физические объекты и проверить визуальную узнаваемость.,2026-09-22,
whc-1751,world_heritage_natural,Okefenokee National Wildlife Refuge,united-states,https://whc.unesco.org/en/list/1751,active,pending_decomposition,deferred,Запись исходного каталога ещё нужно разложить на конкретные физические объекты и проверить визуальную узнаваемость.,2026-09-22,
whc-701,world_heritage_natural,Canaima National Park,venezuela,https://whc.unesco.org/en/list/701,active,pending_decomposition,deferred,Запись исходного каталога ещё нужно разложить на конкретные физические объекты и проверить визуальную узнаваемость.,2026-09-22,
whc-672,world_heritage_natural,Ha Long Bay - Cat Ba Archipelago,vietnam,https://whc.unesco.org/en/list/672,active,pending_decomposition,deferred,Запись исходного каталога ещё нужно разложить на конкретные физические объекты и проверить визуальную узнаваемость.,2026-09-22,
whc-1263,world_heritage_natural,Socotra Archipelago,yemen,https://whc.unesco.org/en/list/1263,active,pending_decomposition,deferred,Запись исходного каталога ещё нужно разложить на конкретные физические объекты и проверить визуальную узнаваемость.,2026-09-22,
whc-509,world_heritage_natural,Mosi-oa-Tunya / Victoria Falls,zambia|zimbabwe,https://whc.unesco.org/en/list/509,active,pending_decomposition,deferred,Запись исходного каталога ещё нужно разложить на конкретные физические объекты и проверить визуальную узнаваемость.,2026-09-22,
whc-302,world_heritage_natural,"Mana Pools National Park, Sapi and Chewore Safari Areas",zimbabwe,https://whc.unesco.org/en/list/302,active,pending_decomposition,deferred,Запись исходного каталога ещё нужно разложить на конкретные физические объекты и проверить визуальную узнаваемость.,2026-09-22,
whc-99,world_heritage_mixed,Natural and Cultural Heritage of the Ohrid region,albania|north-macedonia,https://whc.unesco.org/en/list/99,active,pending_decomposition,deferred,Запись исходного каталога ещё нужно разложить на конкретные физические объекты и проверить визуальную узнаваемость.,2026-09-22,Смешанный объект: природная составляющая требует отдельного редакционного выделения.
whc-179,world_heritage_mixed,Tassili n'Ajjer,algeria,https://whc.unesco.org/en/list/179,active,pending_decomposition,deferred,Запись исходного каталога ещё нужно разложить на конкретные физические объекты и проверить визуальную узнаваемость.,2026-09-22,Смешанный объект: природная составляющая требует отдельного редакционного выделения.
whc-147,world_heritage_mixed,Kakadu National Park,australia,https://whc.unesco.org/en/list/147,active,pending_decomposition,deferred,Запись исходного каталога ещё нужно разложить на конкретные физические объекты и проверить визуальную узнаваемость.,2026-09-22,Смешанный объект: природная составляющая требует отдельного редакционного выделения.
whc-167,world_heritage_mixed,Willandra Lakes Region,australia,https://whc.unesco.org/en/list/167,active,pending_decomposition,deferred,Запись исходного каталога ещё нужно разложить на конкретные физические объекты и проверить визуальную узнаваемость.,2026-09-22,Смешанный объект: природная составляющая требует отдельного редакционного выделения.
whc-181,world_heritage_mixed,Tasmanian Wilderness,australia,https://whc.unesco.org/en/list/181,active,pending_decomposition,deferred,Запись исходного каталога ещё нужно разложить на конкретные физические объекты и проверить визуальную узнаваемость.,2026-09-22,Смешанный объект: природная составляющая требует отдельного редакционного выделения.
whc-447,world_heritage_mixed,Uluru-Kata Tjuta National Park,australia,https://whc.unesco.org/en/list/447,active,pending_decomposition,deferred,Запись исходного каталога ещё нужно разложить на конкретные физические объекты и проверить визуальную узнаваемость.,2026-09-22,Смешанный объект: природная составляющая требует отдельного редакционного выделения.
whc-1308,world_heritage_mixed,Paraty and Ilha Grande – Culture and Biodiversity,brazil,https://whc.unesco.org/en/list/1308,active,pending_decomposition,deferred,Запись исходного каталога ещё нужно разложить на конкретные физические объекты и проверить визуальную узнаваемость.,2026-09-22,Смешанный объект: природная составляющая требует отдельного редакционного выделения.
whc-1415,world_heritage_mixed,Pimachiowin Aki,canada,https://whc.unesco.org/en/list/1415,active,pending_decomposition,deferred,Запись исходного каталога ещё нужно разложить на конкретные физические объекты и проверить визуальную узнаваемость.,2026-09-22,Смешанный объект: природная составляющая требует отдельного редакционного выделения.
whc-1475,world_heritage_mixed,Ennedi Massif: Natural and Cultural Landscape,chad,https://whc.unesco.org/en/list/1475,active,pending_decomposition,deferred,Запись исходного каталога ещё нужно разложить на конкретные физические объекты и проверить визуальную узнаваемость.,2026-09-22,Смешанный объект: природная составляющая требует отдельного редакционного выделения.
whc-437,world_heritage_mixed,Mount Taishan,china,https://whc.unesco.org/en/list/437,active,pending_decomposition,deferred,Запись исходного каталога ещё нужно разложить на конкретные физические объекты и проверить визуальную узнаваемость.,2026-09-22,Смешанный объект: природная составляющая требует отдельного редакционного выделения.
whc-547,world_heritage_mixed,Mount Huangshan,china,https://whc.unesco.org/en/list/547,active,pending_decomposition,deferred,Запись исходного каталога ещё нужно разложить на конкретные физические объекты и проверить визуальную узнаваемость.,2026-09-22,Смешанный объект: природная составляющая требует отдельного редакционного выделения.
whc-779,world_heritage_mixed,"Mount Emei Scenic Area, including Leshan Giant Buddha Scenic Area",china,https://whc.unesco.org/en/list/779,active,pending_decomposition,deferred,Запись исходного каталога ещё нужно разложить на конкретные физические объекты и проверить визуальную узнаваемость.,2026-09-22,Смешанный объект: природная составляющая требует отдельного редакционного выделения.
whc-911,world_heritage_mixed,Mount Wuyi,china,https://whc.unesco.org/en/list/911,active,pending_decomposition,deferred,Запись исходного каталога ещё нужно разложить на конкретные физические объекты и проверить визуальную узнаваемость.,2026-09-22,Смешанный объект: природная составляющая требует отдельного редакционного выделения.
whc-1174,world_heritage_mixed,Chiribiquete National Park – “The Maloca of the Jaguar”,colombia,https://whc.unesco.org/en/list/1174,active,pending_decomposition,deferred,Запись исходного каталога ещё нужно разложить на конкретные физические объекты и проверить визуальную узнаваемость.,2026-09-22,Смешанный объект: природная составляющая требует отдельного редакционного выделения.
whc-1642,world_heritage_mixed,Mount Kumgang – Diamond Mountain from the Sea,north-korea,https://whc.unesco.org/en/list/1642,active,pending_decomposition,deferred,Запись исходного каталога ещё нужно разложить на конкретные физические объекты и проверить визуальную узнаваемость.,2026-09-22,Смешанный объект: природная составляющая требует отдельного редакционного выделения.
whc-773,world_heritage_mixed,Pyrénées - Mont Perdu,france|spain,https://whc.unesco.org/en/list/773,active,pending_decomposition,deferred,Запись исходного каталога ещё нужно разложить на конкретные физические объекты и проверить визуальную узнаваемость.,2026-09-22,Смешанный объект: природная составляющая требует отдельного редакционного выделения.
whc-1707,world_heritage_mixed,Te Henua Enata – The Marquesas Islands,france,https://whc.unesco.org/en/list/1707,active,pending_decomposition,deferred,Запись исходного каталога ещё нужно разложить на конкретные физические объекты и проверить визуальную узнаваемость.,2026-09-22,Смешанный объект: природная составляющая требует отдельного редакционного выделения.
whc-1147,world_heritage_mixed,Ecosystem and Relict Cultural Landscape of Lopé-Okanda,gabon,https://whc.unesco.org/en/list/1147,active,pending_decomposition,deferred,Запись исходного каталога ещё нужно разложить на конкретные физические объекты и проверить визуальную узнаваемость.,2026-09-22,Смешанный объект: природная составляющая требует отдельного редакционного выделения.
whc-455,world_heritage_mixed,Meteora,greece,https://whc.unesco.org/en/list/455,active,pending_decomposition,deferred,Запись исходного каталога ещё нужно разложить на конкретные физические объекты и проверить визуальную узнаваемость.,2026-09-22,Смешанный объект: природная составляющая требует отдельного редакционного выделения.
whc-454,world_heritage_mixed,Mount Athos,greece,https://whc.unesco.org/en/list/454,active,pending_decomposition,deferred,Запись исходного каталога ещё нужно разложить на конкретные физические объекты и проверить визуальную узнаваемость.,2026-09-22,Смешанный объект: природная составляющая требует отдельного редакционного выделения.
whc-1719,world_heritage_mixed,The wider area of Mount Olympus,greece,https://whc.unesco.org/en/list/1719,active,pending_decomposition,deferred,Запись исходного каталога ещё нужно разложить на конкретные физические объекты и проверить визуальную узнаваемость.,2026-09-22,Смешанный объект: природная составляющая требует отдельного редакционного выделения.
whc-64,world_heritage_mixed,Tikal National Park,guatemala,https://whc.unesco.org/en/list/64,active,pending_decomposition,deferred,Запись исходного каталога ещё нужно разложить на конкретные физические объекты и проверить визуальную узнаваемость.,2026-09-22,Смешанный объект: природная составляющая требует отдельного редакционного выделения.
whc-1513,world_heritage_mixed,Khangchendzonga National Park,india,https://whc.unesco.org/en/list/1513,active,pending_decomposition,deferred,Запись исходного каталога ещё нужно разложить на конкретные физические объекты и проверить визуальную узнаваемость.,2026-09-22,Смешанный объект: природная составляющая требует отдельного редакционного выделения.
whc-1481,world_heritage_mixed,The Ahwar of Southern Iraq: Refuge of Biodiversity and the Relict Landscape of the Mesopotamian Cities,iraq,https://whc.unesco.org/en/list/1481,active,pending_decomposition,deferred,Запись исходного каталога ещё нужно разложить на конкретные физические объекты и проверить визуальную узнаваемость.,2026-09-22,Смешанный объект: природная составляющая требует отдельного редакционного выделения.
whc-1356,world_heritage_mixed,Blue and John Crow Mountains,jamaica,https://whc.unesco.org/en/list/1356,active,pending_decomposition,deferred,Запись исходного каталога ещё нужно разложить на конкретные физические объекты и проверить визуальную узнаваемость.,2026-09-22,Смешанный объект: природная составляющая требует отдельного редакционного выделения.
whc-1377,world_heritage_mixed,Wadi Rum Protected Area,jordan,https://whc.unesco.org/en/list/1377,active,pending_decomposition,deferred,Запись исходного каталога ещё нужно разложить на конкретные физические объекты и проверить визуальную узнаваемость.,2026-09-22,Смешанный объект: природная составляющая требует отдельного редакционного выделения.
whc-985,world_heritage_mixed,Maloti-Drakensberg Park,lesotho|south-africa,https://whc.unesco.org/en/list/985,active,pending_decomposition,deferred,Запись исходного каталога ещё нужно разложить на конкретные физические объекты и проверить визуальную узнаваемость.,2026-09-22,Смешанный объект: природная составляющая требует отдельного редакционного выделения.
whc-516,world_heritage_mixed,Cliff of Bandiagara (Land of the Dogons),mali,https://whc.unesco.org/en/list/516,active,pending_decomposition,deferred,Запись исходного каталога ещё нужно разложить на конкретные физические объекты и проверить визуальную узнаваемость.,2026-09-22,Смешанный объект: природная составляющая требует отдельного редакционного выделения.
whc-1061,world_heritage_mixed,"Ancient Maya City and Protected Tropical Forests of Calakmul, Campeche",mexico,https://whc.unesco.org/en/list/1061,active,pending_decomposition,deferred,Запись исходного каталога ещё нужно разложить на конкретные физические объекты и проверить визуальную узнаваемость.,2026-09-22,Смешанный объект: природная составляющая требует отдельного редакционного выделения.
whc-1534,world_heritage_mixed,Tehuacán-Cuicatlán Valley: originary habitat of Mesoamerica,mexico,https://whc.unesco.org/en/list/1534,active,pending_decomposition,deferred,Запись исходного каталога ещё нужно разложить на конкретные физические объекты и проверить визуальную узнаваемость.,2026-09-22,Смешанный объект: природная составляющая требует отдельного редакционного выделения.
whc-421,world_heritage_mixed,Tongariro National Park,new-zealand,https://whc.unesco.org/en/list/421,active,pending_decomposition,deferred,Запись исходного каталога ещё нужно разложить на конкретные физические объекты и проверить визуальную узнаваемость.,2026-09-22,Смешанный объект: природная составляющая требует отдельного редакционного выделения.
whc-1386,world_heritage_mixed,Rock Islands Southern Lagoon,palau,https://whc.unesco.org/en/list/1386,active,pending_decomposition,deferred,Запись исходного каталога ещё нужно разложить на конкретные физические объекты и проверить визуальную узнаваемость.,2026-09-22,Смешанный объект: природная составляющая требует отдельного редакционного выделения.
whc-274,world_heritage_mixed,Historic Sanctuary of Machu Picchu,peru,https://whc.unesco.org/en/list/274,active,pending_decomposition,deferred,Запись исходного каталога ещё нужно разложить на конкретные физические объекты и проверить визуальную узнаваемость.,2026-09-22,Смешанный объект: природная составляющая требует отдельного редакционного выделения.
whc-548,world_heritage_mixed,Río Abiseo National Park,peru,https://whc.unesco.org/en/list/548,active,pending_decomposition,deferred,Запись исходного каталога ещё нужно разложить на конкретные физические объекты и проверить визуальную узнаваемость.,2026-09-22,Смешанный объект: природная составляющая требует отдельного редакционного выделения.
whc-417,world_heritage_mixed,"Ibiza, Biodiversity and Culture",spain,https://whc.unesco.org/en/list/417,active,pending_decomposition,deferred,Запись исходного каталога ещё нужно разложить на конкретные физические объекты и проверить визуальную узнаваемость.,2026-09-22,Смешанный объект: природная составляющая требует отдельного редакционного выделения.
whc-774,world_heritage_mixed,Laponian Area,sweden,https://whc.unesco.org/en/list/774,active,pending_decomposition,deferred,Запись исходного каталога ещё нужно разложить на конкретные физические объекты и проверить визуальную узнаваемость.,2026-09-22,Смешанный объект: природная составляющая требует отдельного редакционного выделения.
whc-357,world_heritage_mixed,Göreme National Park and the Rock Sites of Cappadocia,turkiye,https://whc.unesco.org/en/list/357,active,pending_decomposition,deferred,Запись исходного каталога ещё нужно разложить на конкретные физические объекты и проверить визуальную узнаваемость.,2026-09-22,Смешанный объект: природная составляющая требует отдельного редакционного выделения.
whc-485,world_heritage_mixed,Hierapolis-Pamukkale,turkiye,https://whc.unesco.org/en/list/485,active,pending_decomposition,deferred,Запись исходного каталога ещё нужно разложить на конкретные физические объекты и проверить визуальную узнаваемость.,2026-09-22,Смешанный объект: природная составляющая требует отдельного редакционного выделения.
whc-387,world_heritage_mixed,St Kilda,united-kingdom,https://whc.unesco.org/en/list/387,active,pending_decomposition,deferred,Запись исходного каталога ещё нужно разложить на конкретные физические объекты и проверить визуальную узнаваемость.,2026-09-22,Смешанный объект: природная составляющая требует отдельного редакционного выделения.
whc-39,world_heritage_mixed,Ngorongoro Conservation Area,tanzania,https://whc.unesco.org/en/list/39,active,pending_decomposition,deferred,Запись исходного каталога ещё нужно разложить на конкретные физические объекты и проверить визуальную узнаваемость.,2026-09-22,Смешанный объект: природная составляющая требует отдельного редакционного выделения.
whc-1326,world_heritage_mixed,Papahānaumokuākea,united-states,https://whc.unesco.org/en/list/1326,active,pending_decomposition,deferred,Запись исходного каталога ещё нужно разложить на конкретные физические объекты и проверить визуальную узнаваемость.,2026-09-22,Смешанный объект: природная составляющая требует отдельного редакционного выделения.
whc-1438,world_heritage_mixed,Trang An Landscape Complex,vietnam,https://whc.unesco.org/en/list/1438,active,pending_decomposition,deferred,Запись исходного каталога ещё нужно разложить на конкретные физические объекты и проверить визуальную узнаваемость.,2026-09-22,Смешанный объект: природная составляющая требует отдельного редакционного выделения.
geopark-karawanken-karavanke,unesco_global_geopark,Karawanken / Karavanke UNESCO Global Geopark,austria|slovenia,https://www.unesco.org/en/iggp/karawanken/karavanke-unesco-global-geopark,active,pending_decomposition,deferred,"Статус геопарка не создаёт одну учебную карточку: требуется выделить конкретную формацию, каньон, пещеру, вулкан или иной физический объект.",2026-09-22,
geopark-ore-of-the-alps,unesco_global_geopark,Ore of the Alps UNESCO Global Geopark,austria,https://www.unesco.org/en/iggp/ore-alps-unesco-global-geopark,active,pending_decomposition,deferred,"Статус геопарка не создаёт одну учебную карточку: требуется выделить конкретную формацию, каньон, пещеру, вулкан или иной физический объект.",2026-09-22,
geopark-styrian-eisenwurzen,unesco_global_geopark,Styrian Eisenwurzen UNESCO Global Geopark,austria,https://www.unesco.org/en/iggp/styrian-eisenwurzen-unesco-global-geopark,active,pending_decomposition,deferred,"Статус геопарка не создаёт одну учебную карточку: требуется выделить конкретную формацию, каньон, пещеру, вулкан или иной физический объект.",2026-09-22,
geopark-famenne-ardenne,unesco_global_geopark,Famenne-Ardenne UNESCO Global Geopark,belgium,https://www.unesco.org/en/iggp/famenne-ardenne-unesco-global-geopark,active,pending_decomposition,deferred,"Статус геопарка не создаёт одну учебную карточку: требуется выделить конкретную формацию, каньон, пещеру, вулкан или иной физический объект.",2026-09-22,
geopark-schelde-delta,unesco_global_geopark,Schelde Delta UNESCO Global Geopark,belgium|netherlands-kingdom-of-the,https://www.unesco.org/en/iggp/schelde-delta-unesco-global-geopark,active,pending_decomposition,deferred,"Статус геопарка не создаёт одну учебную карточку: требуется выделить конкретную формацию, каньон, пещеру, вулкан или иной физический объект.",2026-09-22,
geopark-araripe,unesco_global_geopark,Araripe UNESCO Global Geopark,brazil,https://www.unesco.org/en/iggp/araripe-unesco-global-geopark,active,pending_decomposition,deferred,"Статус геопарка не создаёт одну учебную карточку: требуется выделить конкретную формацию, каньон, пещеру, вулкан или иной физический объект.",2026-09-22,
geopark-cacapava,unesco_global_geopark,Caçapava UNESCO Global Geopark,brazil,https://www.unesco.org/en/iggp/cacapava-unesco-global-geopark,active,pending_decomposition,deferred,"Статус геопарка не создаёт одну учебную карточку: требуется выделить конкретную формацию, каньон, пещеру, вулкан или иной физический объект.",2026-09-22,
geopark-quarta-colonia,unesco_global_geopark,Quarta Colônia UNESCO Global Geopark,brazil,https://www.unesco.org/en/iggp/quarta-colonia-unesco-global-geopark,active,pending_decomposition,deferred,"Статус геопарка не создаёт одну учебную карточку: требуется выделить конкретную формацию, каньон, пещеру, вулкан или иной физический объект.",2026-09-22,
geopark-serido,unesco_global_geopark,Seridó UNESCO Global Geopark,brazil,https://www.unesco.org/en/iggp/serido-unesco-global-geopark,active,pending_decomposition,deferred,"Статус геопарка не создаёт одну учебную карточку: требуется выделить конкретную формацию, каньон, пещеру, вулкан или иной физический объект.",2026-09-22,
geopark-southern-canyons-pathways,unesco_global_geopark,Southern Canyons Pathways UNESCO Global Geopark,brazil,https://www.unesco.org/en/iggp/southern-canyons-pathways-unesco-global-geopark,active,pending_decomposition,deferred,"Статус геопарка не создаёт одну учебную карточку: требуется выделить конкретную формацию, каньон, пещеру, вулкан или иной физический объект.",2026-09-22,
geopark-uberaba,unesco_global_geopark,Uberaba UNESCO Global Geopark,brazil,https://www.unesco.org/en/iggp/uberaba-unesco-global-geopark,active,pending_decomposition,deferred,"Статус геопарка не создаёт одну учебную карточку: требуется выделить конкретную формацию, каньон, пещеру, вулкан или иной физический объект.",2026-09-22,
geopark-cliffs-of-fundy,unesco_global_geopark,Cliffs of Fundy UNESCO Global Geopark,canada,https://www.unesco.org/en/iggp/cliffs-fundy-unesco-global-geopark,active,pending_decomposition,deferred,"Статус геопарка не создаёт одну учебную карточку: требуется выделить конкретную формацию, каньон, пещеру, вулкан или иной физический объект.",2026-09-22,
geopark-discovery,unesco_global_geopark,Discovery UNESCO Global Geopark,canada,https://www.unesco.org/en/iggp/discovery-unesco-global-geopark,active,pending_decomposition,deferred,"Статус геопарка не создаёт одну учебную карточку: требуется выделить конкретную формацию, каньон, пещеру, вулкан или иной физический объект.",2026-09-22,
geopark-perce,unesco_global_geopark,Percé UNESCO Global Geopark,canada,https://www.unesco.org/en/iggp/perce-unesco-global-geopark,active,pending_decomposition,deferred,"Статус геопарка не создаёт одну учебную карточку: требуется выделить конкретную формацию, каньон, пещеру, вулкан или иной физический объект.",2026-09-22,
geopark-stonehammer,unesco_global_geopark,Stonehammer UNESCO Global Geopark,canada,https://www.unesco.org/en/iggp/stonehammer-unesco-global-geopark,active,pending_decomposition,deferred,"Статус геопарка не создаёт одну учебную карточку: требуется выделить конкретную формацию, каньон, пещеру, вулкан или иной физический объект.",2026-09-22,
geopark-tumbler-ridge,unesco_global_geopark,Tumbler Ridge UNESCO Global Geopark,canada,https://www.unesco.org/en/iggp/tumbler-ridge-unesco-global-geopark,active,pending_decomposition,deferred,"Статус геопарка не создаёт одну учебную карточку: требуется выделить конкретную формацию, каньон, пещеру, вулкан или иной физический объект.",2026-09-22,
geopark-kutralkura,unesco_global_geopark,Kütralkura UNESCO Global Geopark,chile,https://www.unesco.org/en/iggp/kutralkura-unesco-global-geopark,active,pending_decomposition,deferred,"Статус геопарка не создаёт одну учебную карточку: требуется выделить конкретную формацию, каньон, пещеру, вулкан или иной физический объект.",2026-09-22,
geopark-alxa-desert,unesco_global_geopark,Alxa Desert UNESCO Global Geopark,china,https://www.unesco.org/en/iggp/alxa-desert-unesco-global-geopark,active,pending_decomposition,deferred,"Статус геопарка не создаёт одну учебную карточку: требуется выделить конкретную формацию, каньон, пещеру, вулкан или иной физический объект.",2026-09-22,
geopark-arxan,unesco_global_geopark,Arxan UNESCO Global Geopark,china,https://www.unesco.org/en/iggp/arxan-unesco-global-geopark,active,pending_decomposition,deferred,"Статус геопарка не создаёт одну учебную карточку: требуется выделить конкретную формацию, каньон, пещеру, вулкан или иной физический объект.",2026-09-22,
geopark-changshan,unesco_global_geopark,Changshan UNESCO Global Geopark,china,https://www.unesco.org/en/iggp/geoparks#full-list-of-unesco-global-geoparks,active,pending_decomposition,deferred,"Статус геопарка не создаёт одну учебную карточку: требуется выделить конкретную формацию, каньон, пещеру, вулкан или иной физический объект.",2026-09-22,
geopark-dali-cangshan,unesco_global_geopark,Dali-Cangshan UNESCO Global Geopark,china,https://www.unesco.org/en/iggp/dali-cangshan-unesco-global-geopark,active,pending_decomposition,deferred,"Статус геопарка не создаёт одну учебную карточку: требуется выделить конкретную формацию, каньон, пещеру, вулкан или иной физический объект.",2026-09-22,
geopark-danxiashan,unesco_global_geopark,Danxiashan UNESCO Global Geopark,china,https://www.unesco.org/en/iggp/danxiashan-unesco-global-geopark,active,pending_decomposition,deferred,"Статус геопарка не создаёт одну учебную карточку: требуется выделить конкретную формацию, каньон, пещеру, вулкан или иной физический объект.",2026-09-22,
geopark-dunhuang,unesco_global_geopark,Dunhuang UNESCO Global Geopark,china,https://www.unesco.org/en/iggp/dunhuang-unesco-global-geopark,active,pending_decomposition,deferred,"Статус геопарка не создаёт одну учебную карточку: требуется выделить конкретную формацию, каньон, пещеру, вулкан или иной физический объект.",2026-09-22,
geopark-enshi-grand-canyon-tenglongdong-cave,unesco_global_geopark,Enshi Grand Canyon-Tenglongdong Cave UNESCO Global Geopark,china,https://www.unesco.org/en/iggp/enshi-grand-canyon-tenglongdong-cave-unesco-global-geopark,active,pending_decomposition,deferred,"Статус геопарка не создаёт одну учебную карточку: требуется выделить конкретную формацию, каньон, пещеру, вулкан или иной физический объект.",2026-09-22,
geopark-fangshan,unesco_global_geopark,Fangshan UNESCO Global Geopark,china,https://www.unesco.org/en/iggp/fangshan-unesco-global-geopark,active,pending_decomposition,deferred,"Статус геопарка не создаёт одну учебную карточку: требуется выделить конкретную формацию, каньон, пещеру, вулкан или иной физический объект.",2026-09-22,
geopark-funiushan,unesco_global_geopark,Funiushan UNESCO Global Geopark,china,https://www.unesco.org/en/iggp/funiushan-unesco-global-geopark,active,pending_decomposition,deferred,"Статус геопарка не создаёт одну учебную карточку: требуется выделить конкретную формацию, каньон, пещеру, вулкан или иной физический объект.",2026-09-22,
geopark-guangwushan-nuoshuihe,unesco_global_geopark,Guangwushan-Nuoshuihe UNESCO Global Geopark,china,https://www.unesco.org/en/iggp/guangwushan-nuoshuihe-unesco-global-geopark,active,pending_decomposition,deferred,"Статус геопарка не создаёт одну учебную карточку: требуется выделить конкретную формацию, каньон, пещеру, вулкан или иной физический объект.",2026-09-22,
geopark-hexigten,unesco_global_geopark,Hexigten UNESCO Global Geopark,china,https://www.unesco.org/en/iggp/hexigten-unesco-global-geopark,active,pending_decomposition,deferred,"Статус геопарка не создаёт одну учебную карточку: требуется выделить конкретную формацию, каньон, пещеру, вулкан или иной физический объект.",2026-09-22,
geopark-hong-kong,unesco_global_geopark,Hong Kong UNESCO Global Geopark,china,https://www.unesco.org/en/iggp/hong-kong-unesco-global-geopark,active,pending_decomposition,deferred,"Статус геопарка не создаёт одну учебную карточку: требуется выделить конкретную формацию, каньон, пещеру, вулкан или иной физический объект.",2026-09-22,
geopark-huanggang-dabieshan,unesco_global_geopark,Huanggang Dabieshan UNESCO Global Geopark,china,https://www.unesco.org/en/iggp/huanggang-dabieshan-unesco-global-geopark,active,pending_decomposition,deferred,"Статус геопарка не создаёт одну учебную карточку: требуется выделить конкретную формацию, каньон, пещеру, вулкан или иной физический объект.",2026-09-22,
geopark-huangshan,unesco_global_geopark,Huangshan UNESCO Global Geopark,china,https://www.unesco.org/en/iggp/huangshan-unesco-global-geopark,active,pending_decomposition,deferred,"Статус геопарка не создаёт одну учебную карточку: требуется выделить конкретную формацию, каньон, пещеру, вулкан или иной физический объект.",2026-09-22,
geopark-jingpohu,unesco_global_geopark,Jingpohu UNESCO Global Geopark,china,https://www.unesco.org/en/iggp/jingpohu-unesco-global-geopark,active,pending_decomposition,deferred,"Статус геопарка не создаёт одну учебную карточку: требуется выделить конкретную формацию, каньон, пещеру, вулкан или иной физический объект.",2026-09-22,
geopark-jiuhuashan,unesco_global_geopark,Jiuhuashan UNESCO Global Geopark,china,https://www.unesco.org/en/iggp/jiuhuashan-unesco-global-geopark,active,pending_decomposition,deferred,"Статус геопарка не создаёт одну учебную карточку: требуется выделить конкретную формацию, каньон, пещеру, вулкан или иной физический объект.",2026-09-22,
geopark-kanbula,unesco_global_geopark,Kanbula UNESCO Global Geopark,china,https://www.unesco.org/en/iggp/kanbula-unesco-global-geopark,active,pending_decomposition,deferred,"Статус геопарка не создаёт одну учебную карточку: требуется выделить конкретную формацию, каньон, пещеру, вулкан или иной физический объект.",2026-09-22,
geopark-keketuohai,unesco_global_geopark,Keketuohai UNESCO Global Geopark,china,https://www.unesco.org/en/iggp/keketuohai-unesco-global-geopark,active,pending_decomposition,deferred,"Статус геопарка не создаёт одну учебную карточку: требуется выделить конкретную формацию, каньон, пещеру, вулкан или иной физический объект.",2026-09-22,
geopark-leiqiong,unesco_global_geopark,Leiqiong UNESCO Global Geopark,china,https://www.unesco.org/en/iggp/leiqiong-unesco-global-geopark,active,pending_decomposition,deferred,"Статус геопарка не создаёт одну учебную карточку: требуется выделить конкретную формацию, каньон, пещеру, вулкан или иной физический объект.",2026-09-22,
geopark-leye-fengshan,unesco_global_geopark,Leye Fengshan UNESCO Global Geopark,china,https://www.unesco.org/en/iggp/leye-fengshan-unesco-global-geopark,active,pending_decomposition,deferred,"Статус геопарка не создаёт одну учебную карточку: требуется выделить конкретную формацию, каньон, пещеру, вулкан или иной физический объект.",2026-09-22,
geopark-linxia,unesco_global_geopark,Linxia UNESCO Global Geopark,china,https://www.unesco.org/en/iggp/linxia-unesco-global-geopark,active,pending_decomposition,deferred,"Статус геопарка не создаёт одну учебную карточку: требуется выделить конкретную формацию, каньон, пещеру, вулкан или иной физический объект.",2026-09-22,
geopark-longhushan,unesco_global_geopark,Longhushan UNESCO Global Geopark,china,https://www.unesco.org/en/iggp/longhushan-unesco-global-geopark,active,pending_decomposition,deferred,"Статус геопарка не создаёт одну учебную карточку: требуется выделить конкретную формацию, каньон, пещеру, вулкан или иной физический объект.",2026-09-22,
geopark-longyan,unesco_global_geopark,Longyan UNESCO Global Geopark,china,https://www.unesco.org/en/iggp/longyan-unesco-global-geopark,active,pending_decomposition,deferred,"Статус геопарка не создаёт одну учебную карточку: требуется выделить конкретную формацию, каньон, пещеру, вулкан или иной физический объект.",2026-09-22,
geopark-lushan,unesco_global_geopark,Lushan UNESCO Global Geopark,china,https://www.unesco.org/en/iggp/lushan-unesco-global-geopark,active,pending_decomposition,deferred,"Статус геопарка не создаёт одну учебную карточку: требуется выделить конкретную формацию, каньон, пещеру, вулкан или иной физический объект.",2026-09-22,
geopark-mount-changbaishan,unesco_global_geopark,Mount Changbaishan UNESCO Global Geopark,china,https://www.unesco.org/en/iggp/mount-changbaishan-unesco-global-geopark,active,pending_decomposition,deferred,"Статус геопарка не создаёт одну учебную карточку: требуется выделить конкретную формацию, каньон, пещеру, вулкан или иной физический объект.",2026-09-22,
geopark-mount-kunlun,unesco_global_geopark,Mount Kunlun UNESCO Global Geopark,china,https://www.unesco.org/en/iggp/mount-kunlun-unesco-global-geopark,active,pending_decomposition,deferred,"Статус геопарка не создаёт одну учебную карточку: требуется выделить конкретную формацию, каньон, пещеру, вулкан или иной физический объект.",2026-09-22,
geopark-mt-siguniang,unesco_global_geopark,Mt. Siguniang UNESCO Global Geopark,china,https://www.unesco.org/en/iggp/geoparks#full-list-of-unesco-global-geoparks,active,pending_decomposition,deferred,"Статус геопарка не создаёт одну учебную карточку: требуется выделить конкретную формацию, каньон, пещеру, вулкан или иной физический объект.",2026-09-22,
geopark-ningde,unesco_global_geopark,Ningde UNESCO Global Geopark,china,https://www.unesco.org/en/iggp/ningde-unesco-global-geopark,active,pending_decomposition,deferred,"Статус геопарка не создаёт одну учебную карточку: требуется выделить конкретную формацию, каньон, пещеру, вулкан или иной физический объект.",2026-09-22,
geopark-qinling-zhongnanshan,unesco_global_geopark,Qinling Zhongnanshan UNESCO Global Geopark,china,https://www.unesco.org/en/iggp/qinling-zhongnanshan-unesco-global-geopark,active,pending_decomposition,deferred,"Статус геопарка не создаёт одну учебную карточку: требуется выделить конкретную формацию, каньон, пещеру, вулкан или иной физический объект.",2026-09-22,
geopark-sanqingshan,unesco_global_geopark,Sanqingshan UNESCO Global Geopark,china,https://www.unesco.org/en/iggp/sanqingshan-unesco-global-geopark,active,pending_decomposition,deferred,"Статус геопарка не создаёт одну учебную карточку: требуется выделить конкретную формацию, каньон, пещеру, вулкан или иной физический объект.",2026-09-22,
geopark-shennongjia,unesco_global_geopark,Shennongjia UNESCO Global Geopark,china,https://www.unesco.org/en/iggp/shennongjia-unesco-global-geopark,active,pending_decomposition,deferred,"Статус геопарка не создаёт одну учебную карточку: требуется выделить конкретную формацию, каньон, пещеру, вулкан или иной физический объект.",2026-09-22,
geopark-shilin,unesco_global_geopark,Shilin UNESCO Global Geopark,china,https://www.unesco.org/en/iggp/shilin-unesco-global-geopark,active,pending_decomposition,deferred,"Статус геопарка не создаёт одну учебную карточку: требуется выделить конкретную формацию, каньон, пещеру, вулкан или иной физический объект.",2026-09-22,
geopark-songshan,unesco_global_geopark,Songshan UNESCO Global Geopark,china,https://www.unesco.org/en/iggp/songshan-unesco-global-geopark,active,pending_decomposition,deferred,"Статус геопарка не создаёт одну учебную карточку: требуется выделить конкретную формацию, каньон, пещеру, вулкан или иной физический объект.",2026-09-22,
geopark-taining,unesco_global_geopark,Taining UNESCO Global Geopark,china,https://www.unesco.org/en/iggp/taining-unesco-global-geopark,active,pending_decomposition,deferred,"Статус геопарка не создаёт одну учебную карточку: требуется выделить конкретную формацию, каньон, пещеру, вулкан или иной физический объект.",2026-09-22,
geopark-taishan,unesco_global_geopark,Taishan UNESCO Global Geopark,china,https://www.unesco.org/en/iggp/taishan-unesco-global-geopark,active,pending_decomposition,deferred,"Статус геопарка не создаёт одну учебную карточку: требуется выделить конкретную формацию, каньон, пещеру, вулкан или иной физический объект.",2026-09-22,
geopark-tianzhushan,unesco_global_geopark,Tianzhushan UNESCO Global Geopark,china,https://www.unesco.org/en/iggp/tianzhushan-unesco-global-geopark,active,pending_decomposition,deferred,"Статус геопарка не создаёт одну учебную карточку: требуется выделить конкретную формацию, каньон, пещеру, вулкан или иной физический объект.",2026-09-22,
geopark-wangwushan-daimeishan,unesco_global_geopark,Wangwushan-Daimeishan UNESCO Global Geopark,china,https://www.unesco.org/en/iggp/wangwushan-daimeishan-unesco-global-geopark,active,pending_decomposition,deferred,"Статус геопарка не создаёт одну учебную карточку: требуется выделить конкретную формацию, каньон, пещеру, вулкан или иной физический объект.",2026-09-22,
geopark-wudalianchi,unesco_global_geopark,Wudalianchi UNESCO Global Geopark,china,https://www.unesco.org/en/iggp/wudalianchi-unesco-global-geopark,active,pending_decomposition,deferred,"Статус геопарка не создаёт одну учебную карточку: требуется выделить конкретную формацию, каньон, пещеру, вулкан или иной физический объект.",2026-09-22,
geopark-wugongshan,unesco_global_geopark,Wugongshan UNESCO Global Geopark,china,https://www.unesco.org/en/iggp/wugongshan-unesco-global-geopark,active,pending_decomposition,deferred,"Статус геопарка не создаёт одну учебную карточку: требуется выделить конкретную формацию, каньон, пещеру, вулкан или иной физический объект.",2026-09-22,
geopark-xiangxi,unesco_global_geopark,Xiangxi UNESCO Global Geopark,china,https://www.unesco.org/en/iggp/xiangxi-unesco-global-geopark,active,pending_decomposition,deferred,"Статус геопарка не создаёт одну учебную карточку: требуется выделить конкретную формацию, каньон, пещеру, вулкан или иной физический объект.",2026-09-22,
geopark-xingwen,unesco_global_geopark,Xingwen UNESCO Global Geopark,china,https://www.unesco.org/en/iggp/xingwen-unesco-global-geopark,active,pending_decomposition,deferred,"Статус геопарка не создаёт одну учебную карточку: требуется выделить конкретную формацию, каньон, пещеру, вулкан или иной физический объект.",2026-09-22,
geopark-xingyi,unesco_global_geopark,Xingyi UNESCO Global Geopark,china,https://www.unesco.org/en/iggp/xingyi-unesco-global-geopark,active,pending_decomposition,deferred,"Статус геопарка не создаёт одну учебную карточку: требуется выделить конкретную формацию, каньон, пещеру, вулкан или иной физический объект.",2026-09-22,
geopark-yandangshan,unesco_global_geopark,Yandangshan UNESCO Global Geopark,china,https://www.unesco.org/en/iggp/yandangshan-unesco-global-geopark,active,pending_decomposition,deferred,"Статус геопарка не создаёт одну учебную карточку: требуется выделить конкретную формацию, каньон, пещеру, вулкан или иной физический объект.",2026-09-22,
geopark-yanqing,unesco_global_geopark,Yanqing UNESCO Global Geopark,china,https://www.unesco.org/en/iggp/yanqing-unesco-global-geopark,active,pending_decomposition,deferred,"Статус геопарка не создаёт одну учебную карточку: требуется выделить конкретную формацию, каньон, пещеру, вулкан или иной физический объект.",2026-09-22,
geopark-yimengshan,unesco_global_geopark,Yimengshan UNESCO Global Geopark,china,https://www.unesco.org/en/iggp/yimengshan-unesco-global-geopark,active,pending_decomposition,deferred,"Статус геопарка не создаёт одну учебную карточку: требуется выделить конкретную формацию, каньон, пещеру, вулкан или иной физический объект.",2026-09-22,
geopark-yuntaishan,unesco_global_geopark,Yuntaishan UNESCO Global Geopark,china,https://www.unesco.org/en/iggp/yuntaishan-unesco-global-geopark,active,pending_decomposition,deferred,"Статус геопарка не создаёт одну учебную карточку: требуется выделить конкретную формацию, каньон, пещеру, вулкан или иной физический объект.",2026-09-22,
geopark-yunyang,unesco_global_geopark,Yunyang UNESCO Global Geopark,china,https://www.unesco.org/en/iggp/yunyang-unesco-global-geopark,active,pending_decomposition,deferred,"Статус геопарка не создаёт одну учебную карточку: требуется выделить конкретную формацию, каньон, пещеру, вулкан или иной физический объект.",2026-09-22,
geopark-zhangjiajie,unesco_global_geopark,Zhangjiajie UNESCO Global Geopark,china,https://www.unesco.org/en/iggp/zhangjiajie-unesco-global-geopark,active,pending_decomposition,deferred,"Статус геопарка не создаёт одну учебную карточку: требуется выделить конкретную формацию, каньон, пещеру, вулкан или иной физический объект.",2026-09-22,
geopark-zhangye,unesco_global_geopark,Zhangye UNESCO Global Geopark,china,https://www.unesco.org/en/iggp/zhangye-unesco-global-geopark,active,pending_decomposition,deferred,"Статус геопарка не создаёт одну учебную карточку: требуется выделить конкретную формацию, каньон, пещеру, вулкан или иной физический объект.",2026-09-22,
geopark-zhijindong-cave,unesco_global_geopark,Zhijindong Cave UNESCO Global Geopark,china,https://www.unesco.org/en/iggp/zhijindong-cave-unesco-global-geopark,active,pending_decomposition,deferred,"Статус геопарка не создаёт одну учебную карточку: требуется выделить конкретную формацию, каньон, пещеру, вулкан или иной физический объект.",2026-09-22,
geopark-zigong,unesco_global_geopark,Zigong UNESCO Global Geopark,china,https://www.unesco.org/en/iggp/zigong-unesco-global-geopark,active,pending_decomposition,deferred,"Статус геопарка не создаёт одну учебную карточку: требуется выделить конкретную формацию, каньон, пещеру, вулкан или иной физический объект.",2026-09-22,
geopark-biokovo-imotski-lakes,unesco_global_geopark,Biokovo-Imotski Lakes UNESCO Global Geopark,croatia,https://www.unesco.org/en/iggp/biokovo-imotski-lakes-unesco-global-geopark,active,pending_decomposition,deferred,"Статус геопарка не создаёт одну учебную карточку: требуется выделить конкретную формацию, каньон, пещеру, вулкан или иной физический объект.",2026-09-22,
geopark-papuk,unesco_global_geopark,Papuk UNESCO Global Geopark,croatia,https://www.unesco.org/en/iggp/papuk-unesco-global-geopark,active,pending_decomposition,deferred,"Статус геопарка не создаёт одну учебную карточку: требуется выделить конкретную формацию, каньон, пещеру, вулкан или иной физический объект.",2026-09-22,
geopark-vis-archipelago,unesco_global_geopark,Vis Archipelago UNESCO Global Geopark,croatia,https://www.unesco.org/en/iggp/vis-archipelago-unesco-global-geopark,active,pending_decomposition,deferred,"Статус геопарка не создаёт одну учебную карточку: требуется выделить конкретную формацию, каньон, пещеру, вулкан или иной физический объект.",2026-09-22,
geopark-troodos,unesco_global_geopark,Troodos UNESCO Global Geopark,cyprus,https://www.unesco.org/en/iggp/troodos-unesco-global-geopark,active,pending_decomposition,deferred,"Статус геопарка не создаёт одну учебную карточку: требуется выделить конкретную формацию, каньон, пещеру, вулкан или иной физический объект.",2026-09-22,
geopark-bohemian-paradise,unesco_global_geopark,Bohemian Paradise UNESCO Global Geopark,czechia,https://www.unesco.org/en/iggp/bohemian-paradise-unesco-global-geopark,active,pending_decomposition,deferred,"Статус геопарка не создаёт одну учебную карточку: требуется выделить конкретную формацию, каньон, пещеру, вулкан или иной физический объект.",2026-09-22,
geopark-mt-paektu,unesco_global_geopark,Mt Paektu UNESCO Global Geopark,north-korea,https://www.unesco.org/en/iggp/mt-paektu-unesco-global-geopark,active,pending_decomposition,deferred,"Статус геопарка не создаёт одну учебную карточку: требуется выделить конкретную формацию, каньон, пещеру, вулкан или иной физический объект.",2026-09-22,
geopark-odsherred,unesco_global_geopark,Odsherred UNESCO Global Geopark,denmark,https://www.unesco.org/en/iggp/odsherred-unesco-global-geopark,active,pending_decomposition,deferred,"Статус геопарка не создаёт одну учебную карточку: требуется выделить конкретную формацию, каньон, пещеру, вулкан или иной физический объект.",2026-09-22,
geopark-the-south-fyn-archipelago,unesco_global_geopark,The South Fyn Archipelago UNESCO Global Geopark,denmark,https://www.unesco.org/en/iggp/south-fyn-archipelago-unesco-global-geopark,active,pending_decomposition,deferred,"Статус геопарка не создаёт одну учебную карточку: требуется выделить конкретную формацию, каньон, пещеру, вулкан или иной физический объект.",2026-09-22,
geopark-vestjylland,unesco_global_geopark,Vestjylland UNESCO Global Geopark,denmark,https://www.unesco.org/en/iggp/vestjylland-unesco-global-geopark,active,pending_decomposition,deferred,"Статус геопарка не создаёт одну учебную карточку: требуется выделить конкретную формацию, каньон, пещеру, вулкан или иной физический объект.",2026-09-22,
geopark-imbabura,unesco_global_geopark,Imbabura UNESCO Global Geopark,ecuador,https://www.unesco.org/en/iggp/imbabura-unesco-global-geopark,active,pending_decomposition,deferred,"Статус геопарка не создаёт одну учебную карточку: требуется выделить конкретную формацию, каньон, пещеру, вулкан или иной физический объект.",2026-09-22,
geopark-napo-sumaco,unesco_global_geopark,Napo Sumaco UNESCO Global Geopark,ecuador,https://www.unesco.org/en/iggp/napo-sumaco-unesco-global-geopark,active,pending_decomposition,deferred,"Статус геопарка не создаёт одну учебную карточку: требуется выделить конкретную формацию, каньон, пещеру, вулкан или иной физический объект.",2026-09-22,
geopark-tungurahua-volcano,unesco_global_geopark,Tungurahua Volcano UNESCO Global Geopark,ecuador,https://www.unesco.org/en/iggp/tungurahua-volcano-unesco-global-geopark,active,pending_decomposition,deferred,"Статус геопарка не создаёт одну учебную карточку: требуется выделить конкретную формацию, каньон, пещеру, вулкан или иной физический объект.",2026-09-22,
geopark-impact-crater-lake-lappajarvi,unesco_global_geopark,Impact Crater Lake – Lappajärvi UNESCO Global Geopark,finland,https://www.unesco.org/en/iggp/impact-crater-lake-lappajarvi-unesco-global-geopark,active,pending_decomposition,deferred,"Статус геопарка не создаёт одну учебную карточку: требуется выделить конкретную формацию, каньон, пещеру, вулкан или иной физический объект.",2026-09-22,
geopark-lauhanvuori-haemeenkangas,unesco_global_geopark,Lauhanvuori-Haemeenkangas UNESCO Global Geopark,finland,https://www.unesco.org/en/iggp/lauhanvuori-hameenkangas-unesco-global-geopark,active,pending_decomposition,deferred,"Статус геопарка не создаёт одну учебную карточку: требуется выделить конкретную формацию, каньон, пещеру, вулкан или иной физический объект.",2026-09-22,
geopark-rokua,unesco_global_geopark,Rokua UNESCO Global Geopark,finland,https://www.unesco.org/en/iggp/rokua-unesco-global-geopark,active,pending_decomposition,deferred,"Статус геопарка не создаёт одну учебную карточку: требуется выделить конкретную формацию, каньон, пещеру, вулкан или иной физический объект.",2026-09-22,
geopark-saimaa,unesco_global_geopark,Saimaa UNESCO Global Geopark,finland,https://www.unesco.org/en/iggp/saimaa-unesco-global-geopark,active,pending_decomposition,deferred,"Статус геопарка не создаёт одну учебную карточку: требуется выделить конкретную формацию, каньон, пещеру, вулкан или иной физический объект.",2026-09-22,
geopark-salpausselka,unesco_global_geopark,Salpausselkä UNESCO Global Geopark,finland,https://www.unesco.org/en/iggp/salpausselka-unesco-global-geopark,active,pending_decomposition,deferred,"Статус геопарка не создаёт одну учебную карточку: требуется выделить конкретную формацию, каньон, пещеру, вулкан или иной физический объект.",2026-09-22,
geopark-armorique,unesco_global_geopark,Armorique UNESCO Global Geopark,france,https://www.unesco.org/en/iggp/armorique-unesco-global-geopark,active,pending_decomposition,deferred,"Статус геопарка не создаёт одну учебную карточку: требуется выделить конкретную формацию, каньон, пещеру, вулкан или иной физический объект.",2026-09-22,
geopark-beaujolais,unesco_global_geopark,Beaujolais UNESCO Global Geopark,france,https://www.unesco.org/en/iggp/beaujolais-unesco-global-geopark,active,pending_decomposition,deferred,"Статус геопарка не создаёт одну учебную карточку: требуется выделить конкретную формацию, каньон, пещеру, вулкан или иной физический объект.",2026-09-22,
geopark-causses-du-quercy,unesco_global_geopark,Causses du Quercy UNESCO Global Geopark,france,https://www.unesco.org/en/iggp/causses-de-quercy-unesco-global-geopark,active,pending_decomposition,deferred,"Статус геопарка не создаёт одну учебную карточку: требуется выделить конкретную формацию, каньон, пещеру, вулкан или иной физический объект.",2026-09-22,
geopark-chablais,unesco_global_geopark,Chablais UNESCO Global Geopark,france,https://www.unesco.org/en/iggp/chablais-unesco-global-geopark,active,pending_decomposition,deferred,"Статус геопарка не создаёт одну учебную карточку: требуется выделить конкретную формацию, каньон, пещеру, вулкан или иной физический объект.",2026-09-22,
geopark-haute-provence,unesco_global_geopark,Haute-Provence UNESCO Global Geopark,france,https://www.unesco.org/en/iggp/haute-provence-unesco-global-geopark,active,pending_decomposition,deferred,"Статус геопарка не создаёт одну учебную карточку: требуется выделить конкретную формацию, каньон, пещеру, вулкан или иной физический объект.",2026-09-22,
geopark-luberon,unesco_global_geopark,Luberon UNESCO Global Geopark,france,https://www.unesco.org/en/iggp/luberon-unesco-global-geopark,active,pending_decomposition,deferred,"Статус геопарка не создаёт одну учебную карточку: требуется выделить конкретную формацию, каньон, пещеру, вулкан или иной физический объект.",2026-09-22,
geopark-massif-des-bauges,unesco_global_geopark,Massif des Bauges UNESCO Global Geopark,france,https://www.unesco.org/en/iggp/massif-des-bauges-unesco-global-geopark,active,pending_decomposition,deferred,"Статус геопарка не создаёт одну учебную карточку: требуется выделить конкретную формацию, каньон, пещеру, вулкан или иной физический объект.",2026-09-22,
geopark-monts-d-ardeche,unesco_global_geopark,Monts d'Ardèche UNESCO Global Geopark,france,https://www.unesco.org/en/iggp/monts-dardeche-unesco-global-geopark,active,pending_decomposition,deferred,"Статус геопарка не создаёт одну учебную карточку: требуется выделить конкретную формацию, каньон, пещеру, вулкан или иной физический объект.",2026-09-22,
geopark-normandie-maine,unesco_global_geopark,Normandie-Maine UNESCO Global Geopark,france,https://www.unesco.org/en/iggp/normandie-maine-unesco-global-geopark,active,pending_decomposition,deferred,"Статус геопарка не создаёт одну учебную карточку: требуется выделить конкретную формацию, каньон, пещеру, вулкан или иной физический объект.",2026-09-22,
geopark-terres-d-herault,unesco_global_geopark,Terres d’Hérault UNESCO Global Geopark,france,https://www.unesco.org/en/iggp/geoparks#full-list-of-unesco-global-geoparks,active,pending_decomposition,deferred,"Статус геопарка не создаёт одну учебную карточку: требуется выделить конкретную формацию, каньон, пещеру, вулкан или иной физический объект.",2026-09-22,
geopark-bergstra-e-odenwald,unesco_global_geopark,Bergstraße-Odenwald UNESCO Global Geopark,germany,https://www.unesco.org/en/iggp/bergstrasse-odenwald-unesco-global-geopark,active,pending_decomposition,deferred,"Статус геопарка не создаёт одну учебную карточку: требуется выделить конкретную формацию, каньон, пещеру, вулкан или иной физический объект.",2026-09-22,
geopark-harz-braunschweiger-land,unesco_global_geopark,"Harz, Braunschweiger Land UNESCO Global Geopark",germany,https://www.unesco.org/en/iggp/harz-braunschweiger-land-ostfalen-unesco-global-geopark,active,pending_decomposition,deferred,"Статус геопарка не создаёт одну учебную карточку: требуется выделить конкретную формацию, каньон, пещеру, вулкан или иной физический объект.",2026-09-22,
geopark-muskauer-faltenbogen-uk-muzakowa,unesco_global_geopark,Muskauer Faltenbogen / Łuk Mużakowa UNESCO Global Geopark,germany|poland,https://www.unesco.org/en/iggp/muskauer-faltenbogen/luk-muzakowa-unesco-global-geopark,active,pending_decomposition,deferred,"Статус геопарка не создаёт одну учебную карточку: требуется выделить конкретную формацию, каньон, пещеру, вулкан или иной физический объект.",2026-09-22,
geopark-ries,unesco_global_geopark,Ries UNESCO Global Geopark,germany,https://www.unesco.org/en/iggp/ries-unesco-global-geopark,active,pending_decomposition,deferred,"Статус геопарка не создаёт одну учебную карточку: требуется выделить конкретную формацию, каньон, пещеру, вулкан или иной физический объект.",2026-09-22,
geopark-swabian-alb,unesco_global_geopark,Swabian Alb UNESCO Global Geopark,germany,https://www.unesco.org/en/iggp/swabian-alb-unesco-global-geopark,active,pending_decomposition,deferred,"Статус геопарка не создаёт одну учебную карточку: требуется выделить конкретную формацию, каньон, пещеру, вулкан или иной физический объект.",2026-09-22,
geopark-terra-vita,unesco_global_geopark,TERRA.vita UNESCO Global Geopark,germany,https://www.unesco.org/en/iggp/terravita-unesco-global-geopark,active,pending_decomposition,deferred,"Статус геопарка не создаёт одну учебную карточку: требуется выделить конкретную формацию, каньон, пещеру, вулкан или иной физический объект.",2026-09-22,
geopark-thuringia-inselsberg-drei-gleichen,unesco_global_geopark,Thuringia Inselsberg -Drei Gleichen UNESCO Global Geopark,germany,https://www.unesco.org/en/iggp/thuringia-inselsberg-drei-gleichen-unesco-global-geopark,active,pending_decomposition,deferred,"Статус геопарка не создаёт одну учебную карточку: требуется выделить конкретную формацию, каньон, пещеру, вулкан или иной физический объект.",2026-09-22,
geopark-vulkaneifel,unesco_global_geopark,Vulkaneifel UNESCO Global Geopark,germany,https://www.unesco.org/en/iggp/vulkaneifel-unesco-global-geopark,active,pending_decomposition,deferred,"Статус геопарка не создаёт одну учебную карточку: требуется выделить конкретную формацию, каньон, пещеру, вулкан или иной физический объект.",2026-09-22,
geopark-chelmos-vouraikos,unesco_global_geopark,Chelmos Vouraikos UNESCO Global Geopark,greece,https://www.unesco.org/en/iggp/chelmos-vouraikos-unesco-global-geopark,active,pending_decomposition,deferred,"Статус геопарка не создаёт одну учебную карточку: требуется выделить конкретную формацию, каньон, пещеру, вулкан или иной физический объект.",2026-09-22,
geopark-grevena-kozani,unesco_global_geopark,Grevena - Kozani UNESCO Global Geopark,greece,https://www.unesco.org/en/iggp/grevena-kozani-unesco-global-geopark,active,pending_decomposition,deferred,"Статус геопарка не создаёт одну учебную карточку: требуется выделить конкретную формацию, каньон, пещеру, вулкан или иной физический объект.",2026-09-22,
geopark-kefalonia-ithaca,unesco_global_geopark,Kefalonia-Ithaca UNESCO Global Geopark,greece,https://www.unesco.org/en/iggp/kefalonia-ithaca-unesco-global-geopark,active,pending_decomposition,deferred,"Статус геопарка не создаёт одну учебную карточку: требуется выделить конкретную формацию, каньон, пещеру, вулкан или иной физический объект.",2026-09-22,
geopark-lavreotiki,unesco_global_geopark,Lavreotiki UNESCO Global Geopark,greece,https://www.unesco.org/en/iggp/lavreotiki-unesco-global-geopark,active,pending_decomposition,deferred,"Статус геопарка не создаёт одну учебную карточку: требуется выделить конкретную формацию, каньон, пещеру, вулкан или иной физический объект.",2026-09-22,
geopark-lesvos-island,unesco_global_geopark,Lesvos Island UNESCO Global Geopark,greece,https://www.unesco.org/en/iggp/lesvos-island-unesco-global-geopark,active,pending_decomposition,deferred,"Статус геопарка не создаёт одну учебную карточку: требуется выделить конкретную формацию, каньон, пещеру, вулкан или иной физический объект.",2026-09-22,
geopark-meteora-pyli,unesco_global_geopark,Meteora Pyli UNESCO Global Geopark,greece,https://www.unesco.org/en/iggp/meteora-pyli-unesco-global-geopark,active,pending_decomposition,deferred,"Статус геопарка не создаёт одну учебную карточку: требуется выделить конкретную формацию, каньон, пещеру, вулкан или иной физический объект.",2026-09-22,
geopark-nisyros,unesco_global_geopark,Nisyros UNESCO Global Geopark,greece,https://www.unesco.org/en/iggp/geoparks#full-list-of-unesco-global-geoparks,active,pending_decomposition,deferred,"Статус геопарка не создаёт одну учебную карточку: требуется выделить конкретную формацию, каньон, пещеру, вулкан или иной физический объект.",2026-09-22,
geopark-psiloritis,unesco_global_geopark,Psiloritis UNESCO Global Geopark,greece,https://www.unesco.org/en/iggp/psiloritis-unesco-global-geopark,active,pending_decomposition,deferred,"Статус геопарка не создаёт одну учебную карточку: требуется выделить конкретную формацию, каньон, пещеру, вулкан или иной физический объект.",2026-09-22,
geopark-sitia,unesco_global_geopark,Sitia UNESCO Global Geopark,greece,https://www.unesco.org/en/iggp/sitia-unesco-global-geopark,active,pending_decomposition,deferred,"Статус геопарка не создаёт одну учебную карточку: требуется выделить конкретную формацию, каньон, пещеру, вулкан или иной физический объект.",2026-09-22,
geopark-vikos-aoos,unesco_global_geopark,Vikos - Aoos UNESCO Global Geopark,greece,https://www.unesco.org/en/iggp/vikos-aoos-unesco-global-geopark,active,pending_decomposition,deferred,"Статус геопарка не создаёт одну учебную карточку: требуется выделить конкретную формацию, каньон, пещеру, вулкан или иной физический объект.",2026-09-22,
geopark-bakony-balaton,unesco_global_geopark,Bakony-Balaton UNESCO Global Geopark,hungary,https://www.unesco.org/en/iggp/bakony-balaton-unesco-global-geopark,active,pending_decomposition,deferred,"Статус геопарка не создаёт одну учебную карточку: требуется выделить конкретную формацию, каньон, пещеру, вулкан или иной физический объект.",2026-09-22,
geopark-bukk-region,unesco_global_geopark,Bükk Region UNESCO Global Geopark,hungary,https://www.unesco.org/en/iggp/bukk-region-unesco-global-geopark,active,pending_decomposition,deferred,"Статус геопарка не создаёт одну учебную карточку: требуется выделить конкретную формацию, каньон, пещеру, вулкан или иной физический объект.",2026-09-22,
geopark-novohrad-nograd,unesco_global_geopark,Novohrad-Nógrád UNESCO Global Geopark,hungary|slovakia,https://www.unesco.org/en/iggp/novohrad-nograd-unesco-global-geopark,active,pending_decomposition,deferred,"Статус геопарка не создаёт одну учебную карточку: требуется выделить конкретную формацию, каньон, пещеру, вулкан или иной физический объект.",2026-09-22,
geopark-katla,unesco_global_geopark,Katla UNESCO Global Geopark,iceland,https://www.unesco.org/en/iggp/katla-unesco-global-geopark,active,pending_decomposition,deferred,"Статус геопарка не создаёт одну учебную карточку: требуется выделить конкретную формацию, каньон, пещеру, вулкан или иной физический объект.",2026-09-22,
geopark-reykjanes,unesco_global_geopark,Reykjanes UNESCO Global Geopark,iceland,https://www.unesco.org/en/iggp/reykjanes-unesco-global-geopark,active,pending_decomposition,deferred,"Статус геопарка не создаёт одну учебную карточку: требуется выделить конкретную формацию, каньон, пещеру, вулкан или иной физический объект.",2026-09-22,
geopark-batur,unesco_global_geopark,Batur UNESCO Global Geopark,indonesia,https://www.unesco.org/en/iggp/batur-unesco-global-geopark,active,pending_decomposition,deferred,"Статус геопарка не создаёт одну учебную карточку: требуется выделить конкретную формацию, каньон, пещеру, вулкан или иной физический объект.",2026-09-22,
geopark-belitong,unesco_global_geopark,Belitong UNESCO Global Geopark,indonesia,https://www.unesco.org/en/iggp/belitong-unesco-global-geopark,active,pending_decomposition,deferred,"Статус геопарка не создаёт одну учебную карточку: требуется выделить конкретную формацию, каньон, пещеру, вулкан или иной физический объект.",2026-09-22,
geopark-ciletuh-palabuhanratu,unesco_global_geopark,Ciletuh - Palabuhanratu UNESCO Global Geopark,indonesia,https://www.unesco.org/en/iggp/ciletuh-palabuhanratu-unesco-global-geopark,active,pending_decomposition,deferred,"Статус геопарка не создаёт одну учебную карточку: требуется выделить конкретную формацию, каньон, пещеру, вулкан или иной физический объект.",2026-09-22,
geopark-gunung-sewu,unesco_global_geopark,Gunung Sewu UNESCO Global Geopark,indonesia,https://www.unesco.org/en/iggp/gunung-sewu-unesco-global-geopark,active,pending_decomposition,deferred,"Статус геопарка не создаёт одну учебную карточку: требуется выделить конкретную формацию, каньон, пещеру, вулкан или иной физический объект.",2026-09-22,
geopark-ijen,unesco_global_geopark,Ijen UNESCO Global Geopark,indonesia,https://www.unesco.org/en/iggp/ijen-unesco-global-geopark,active,pending_decomposition,deferred,"Статус геопарка не создаёт одну учебную карточку: требуется выделить конкретную формацию, каньон, пещеру, вулкан или иной физический объект.",2026-09-22,
geopark-kebumen,unesco_global_geopark,Kebumen UNESCO Global Geopark,indonesia,https://www.unesco.org/en/iggp/kebumen-unesco-global-geopark,active,pending_decomposition,deferred,"Статус геопарка не создаёт одну учебную карточку: требуется выделить конкретную формацию, каньон, пещеру, вулкан или иной физический объект.",2026-09-22,
geopark-maros-pangkep,unesco_global_geopark,Maros Pangkep UNESCO Global Geopark,indonesia,https://www.unesco.org/en/iggp/maros-pangkep-unesco-global-geopark,active,pending_decomposition,deferred,"Статус геопарка не создаёт одну учебную карточку: требуется выделить конкретную формацию, каньон, пещеру, вулкан или иной физический объект.",2026-09-22,
geopark-merangin-jambi,unesco_global_geopark,Merangin Jambi UNESCO Global Geopark,indonesia,https://www.unesco.org/en/iggp/merangin-jambi-unesco-global-geopark,active,pending_decomposition,deferred,"Статус геопарка не создаёт одну учебную карточку: требуется выделить конкретную формацию, каньон, пещеру, вулкан или иной физический объект.",2026-09-22,
geopark-meratus,unesco_global_geopark,Meratus UNESCO Global Geopark,indonesia,https://www.unesco.org/en/iggp/meratus-unesco-global-geopark,active,pending_decomposition,deferred,"Статус геопарка не создаёт одну учебную карточку: требуется выделить конкретную формацию, каньон, пещеру, вулкан или иной физический объект.",2026-09-22,
geopark-raja-ampat,unesco_global_geopark,Raja Ampat UNESCO Global Geopark,indonesia,https://www.unesco.org/en/iggp/raja-ampat-unesco-global-geopark,active,pending_decomposition,deferred,"Статус геопарка не создаёт одну учебную карточку: требуется выделить конкретную формацию, каньон, пещеру, вулкан или иной физический объект.",2026-09-22,
geopark-rinjani-lombok,unesco_global_geopark,Rinjani-Lombok UNESCO Global Geopark,indonesia,https://www.unesco.org/en/iggp/rinjani-lombok-unesco-global-geopark,active,pending_decomposition,deferred,"Статус геопарка не создаёт одну учебную карточку: требуется выделить конкретную формацию, каньон, пещеру, вулкан или иной физический объект.",2026-09-22,
geopark-toba-caldera,unesco_global_geopark,Toba Caldera UNESCO Global Geopark,indonesia,https://www.unesco.org/en/iggp/toba-caldera-unesco-global-geopark,active,pending_decomposition,deferred,"Статус геопарка не создаёт одну учебную карточку: требуется выделить конкретную формацию, каньон, пещеру, вулкан или иной физический объект.",2026-09-22,
geopark-aras,unesco_global_geopark,Aras UNESCO Global Geopark,iran,https://www.unesco.org/en/iggp/aras-unesco-global-geopark,active,pending_decomposition,deferred,"Статус геопарка не создаёт одну учебную карточку: требуется выделить конкретную формацию, каньон, пещеру, вулкан или иной физический объект.",2026-09-22,
geopark-qeshm-island,unesco_global_geopark,Qeshm Island UNESCO Global Geopark,iran,https://www.unesco.org/en/iggp/qeshm-island-unesco-global-geopark,active,pending_decomposition,deferred,"Статус геопарка не создаёт одну учебную карточку: требуется выделить конкретную формацию, каньон, пещеру, вулкан или иной физический объект.",2026-09-22,
geopark-tabas,unesco_global_geopark,Tabas UNESCO Global Geopark,iran,https://www.unesco.org/en/iggp/tabas-unesco-global-geopark,active,pending_decomposition,deferred,"Статус геопарка не создаёт одну учебную карточку: требуется выделить конкретную формацию, каньон, пещеру, вулкан или иной физический объект.",2026-09-22,
geopark-burren-cliffs-of-moher,unesco_global_geopark,Burren & Cliffs of Moher UNESCO Global Geopark,ireland,https://www.unesco.org/en/iggp/burren-and-cliffs-moher-unesco-global-geopark,active,pending_decomposition,deferred,"Статус геопарка не создаёт одну учебную карточку: требуется выделить конкретную формацию, каньон, пещеру, вулкан или иной физический объект.",2026-09-22,
geopark-copper-coast,unesco_global_geopark,Copper Coast UNESCO Global Geopark,ireland,https://www.unesco.org/en/iggp/copper-coast-unesco-global-geopark,active,pending_decomposition,deferred,"Статус геопарка не создаёт одну учебную карточку: требуется выделить конкретную формацию, каньон, пещеру, вулкан или иной физический объект.",2026-09-22,
geopark-cuilcagh-lakelands,unesco_global_geopark,Cuilcagh Lakelands UNESCO Global Geopark,ireland|united-kingdom,https://www.unesco.org/en/iggp/cuilcagh-lakelands-unesco-global-geopark,active,pending_decomposition,deferred,"Статус геопарка не создаёт одну учебную карточку: требуется выделить конкретную формацию, каньон, пещеру, вулкан или иной физический объект.",2026-09-22,
geopark-joyce-country-and-western-lakes,unesco_global_geopark,Joyce Country and Western Lakes Global Geopark,ireland,https://www.unesco.org/en/iggp/geoparks#full-list-of-unesco-global-geoparks,active,pending_decomposition,deferred,"Статус геопарка не создаёт одну учебную карточку: требуется выделить конкретную формацию, каньон, пещеру, вулкан или иной физический объект.",2026-09-22,
geopark-adamello-brenta,unesco_global_geopark,Adamello-Brenta UNESCO Global Geopark,italy,https://www.unesco.org/en/iggp/adamello-brenta-unesco-global-geopark,active,pending_decomposition,deferred,"Статус геопарка не создаёт одну учебную карточку: требуется выделить конкретную формацию, каньон, пещеру, вулкан или иной физический объект.",2026-09-22,
geopark-alpi-apuane,unesco_global_geopark,Alpi Apuane UNESCO Global Geopark,italy,https://www.unesco.org/en/iggp/apuan-alps-unesco-global-geopark,active,pending_decomposition,deferred,"Статус геопарка не создаёт одну учебную карточку: требуется выделить конкретную формацию, каньон, пещеру, вулкан или иной физический объект.",2026-09-22,
geopark-aspromonte,unesco_global_geopark,Aspromonte UNESCO Global Geopark,italy,https://www.unesco.org/en/iggp/aspromonte-unesco-global-geopark,active,pending_decomposition,deferred,"Статус геопарка не создаёт одну учебную карточку: требуется выделить конкретную формацию, каньон, пещеру, вулкан или иной физический объект.",2026-09-22,
geopark-beigua,unesco_global_geopark,Beigua UNESCO Global Geopark,italy,https://www.unesco.org/en/iggp/beigua-unesco-global-geopark,active,pending_decomposition,deferred,"Статус геопарка не создаёт одну учебную карточку: требуется выделить конкретную формацию, каньон, пещеру, вулкан или иной физический объект.",2026-09-22,
geopark-cilento-vallo-di-diano-e-alburni,unesco_global_geopark,"Cilento, Vallo di Diano e Alburni UNESCO Global Geopark",italy,https://www.unesco.org/en/iggp/cilento-vallo-di-diano-e-alburni-unesco-global-geopark,active,pending_decomposition,deferred,"Статус геопарка не создаёт одну учебную карточку: требуется выделить конкретную формацию, каньон, пещеру, вулкан или иной физический объект.",2026-09-22,
geopark-madonie,unesco_global_geopark,Madonie UNESCO Global Geopark,italy,https://www.unesco.org/en/iggp/madonie-unesco-global-geopark,active,pending_decomposition,deferred,"Статус геопарка не создаёт одну учебную карточку: требуется выделить конкретную формацию, каньон, пещеру, вулкан или иной физический объект.",2026-09-22,
geopark-maiella,unesco_global_geopark,Maiella UNESCO Global Geopark,italy,https://www.unesco.org/en/iggp/geoparks#full-list-of-unesco-global-geoparks,active,pending_decomposition,deferred,"Статус геопарка не создаёт одну учебную карточку: требуется выделить конкретную формацию, каньон, пещеру, вулкан или иной физический объект.",2026-09-22,
geopark-murgeopark,unesco_global_geopark,MurGEopark UNESCO Global Geopark,italy,https://www.unesco.org/en/iggp/murgeopark-unesco-global-geopark,active,pending_decomposition,deferred,"Статус геопарка не создаёт одну учебную карточку: требуется выделить конкретную формацию, каньон, пещеру, вулкан или иной физический объект.",2026-09-22,
geopark-pollino,unesco_global_geopark,Pollino UNESCO Global Geopark,italy,https://www.unesco.org/en/iggp/pollino-unesco-global-geopark,active,pending_decomposition,deferred,"Статус геопарка не создаёт одну учебную карточку: требуется выделить конкретную формацию, каньон, пещеру, вулкан или иной физический объект.",2026-09-22,
geopark-rocca-di-cerere,unesco_global_geopark,Rocca di Cerere UNESCO Global Geopark,italy,https://www.unesco.org/en/iggp/rocca-di-cerere-unesco-global-geopark,active,pending_decomposition,deferred,"Статус геопарка не создаёт одну учебную карточку: требуется выделить конкретную формацию, каньон, пещеру, вулкан или иной физический объект.",2026-09-22,
geopark-sesia-val-grande,unesco_global_geopark,Sesia Val Grande UNESCO Global Geopark,italy,https://www.unesco.org/en/iggp/sesia-val-grande-unesco-global-geopark,active,pending_decomposition,deferred,"Статус геопарка не создаёт одну учебную карточку: требуется выделить конкретную формацию, каньон, пещеру, вулкан или иной физический объект.",2026-09-22,
geopark-tuscan-mining-park,unesco_global_geopark,Tuscan Mining Park UNESCO Global Geopark,italy,https://www.unesco.org/en/iggp/tuscan-mining-park-unesco-global-geopark,active,pending_decomposition,deferred,"Статус геопарка не создаёт одну учебную карточку: требуется выделить конкретную формацию, каньон, пещеру, вулкан или иной физический объект.",2026-09-22,
geopark-aso,unesco_global_geopark,Aso UNESCO Global Geopark,japan,https://www.unesco.org/en/iggp/aso-unesco-global-geopark,active,pending_decomposition,deferred,"Статус геопарка не создаёт одну учебную карточку: требуется выделить конкретную формацию, каньон, пещеру, вулкан или иной физический объект.",2026-09-22,
geopark-hakusan-tedorigawa,unesco_global_geopark,Hakusan Tedorigawa UNESCO Global Geopark,japan,https://www.unesco.org/en/iggp/hakusan-tedorigawa-unesco-global-geopark,active,pending_decomposition,deferred,"Статус геопарка не создаёт одну учебную карточку: требуется выделить конкретную формацию, каньон, пещеру, вулкан или иной физический объект.",2026-09-22,
geopark-itoigawa,unesco_global_geopark,Itoigawa UNESCO Global Geopark,japan,https://www.unesco.org/en/iggp/itoigawa-unesco-global-geopark,active,pending_decomposition,deferred,"Статус геопарка не создаёт одну учебную карточку: требуется выделить конкретную формацию, каньон, пещеру, вулкан или иной физический объект.",2026-09-22,
geopark-izu-peninsula,unesco_global_geopark,Izu Peninsula UNESCO Global Geopark,japan,https://www.unesco.org/en/iggp/izu-peninsula-unesco-global-geopark,active,pending_decomposition,deferred,"Статус геопарка не создаёт одну учебную карточку: требуется выделить конкретную формацию, каньон, пещеру, вулкан или иной физический объект.",2026-09-22,
geopark-mine-akiyoshidai-karst-plateau,unesco_global_geopark,Miné-Akiyoshidai Karst Plateau UNESCO Global Geopark,japan,https://www.unesco.org/en/iggp/geoparks#full-list-of-unesco-global-geoparks,active,pending_decomposition,deferred,"Статус геопарка не создаёт одну учебную карточку: требуется выделить конкретную формацию, каньон, пещеру, вулкан или иной физический объект.",2026-09-22,
geopark-mt-apoi,unesco_global_geopark,Mt. Apoi UNESCO Global Geopark,japan,https://www.unesco.org/en/iggp/mt-apoi-unesco-global-geopark,active,pending_decomposition,deferred,"Статус геопарка не создаёт одну учебную карточку: требуется выделить конкретную формацию, каньон, пещеру, вулкан или иной физический объект.",2026-09-22,
geopark-muroto,unesco_global_geopark,Muroto UNESCO Global Geopark,japan,https://www.unesco.org/en/iggp/muroto-unesco-global-geopark,active,pending_decomposition,deferred,"Статус геопарка не создаёт одну учебную карточку: требуется выделить конкретную формацию, каньон, пещеру, вулкан или иной физический объект.",2026-09-22,
geopark-oki-islands,unesco_global_geopark,Oki Islands UNESCO Global Geopark,japan,https://www.unesco.org/en/iggp/oki-islands-unesco-global-geopark,active,pending_decomposition,deferred,"Статус геопарка не создаёт одну учебную карточку: требуется выделить конкретную формацию, каньон, пещеру, вулкан или иной физический объект.",2026-09-22,
geopark-san-in-kaigan,unesco_global_geopark,San'in Kaigan UNESCO Global Geopark,japan,https://www.unesco.org/en/iggp/sanin-kaigan-unesco-global-geopark,active,pending_decomposition,deferred,"Статус геопарка не создаёт одну учебную карточку: требуется выделить конкретную формацию, каньон, пещеру, вулкан или иной физический объект.",2026-09-22,
geopark-toya-usu,unesco_global_geopark,Toya - Usu UNESCO Global Geopark,japan,https://www.unesco.org/en/iggp/toya-usu-unesco-global-geopark,active,pending_decomposition,deferred,"Статус геопарка не создаёт одну учебную карточку: требуется выделить конкретную формацию, каньон, пещеру, вулкан или иной физический объект.",2026-09-22,
geopark-unzen-volcanic-area,unesco_global_geopark,Unzen Volcanic Area UNESCO Global Geopark,japan,https://www.unesco.org/en/iggp/unzen-volcanic-area-unesco-global-geopark,active,pending_decomposition,deferred,"Статус геопарка не создаёт одну учебную карточку: требуется выделить конкретную формацию, каньон, пещеру, вулкан или иной физический объект.",2026-09-22,
geopark-mellerdall,unesco_global_geopark,Mëllerdall UNESCO Global Geopark,luxembourg,https://www.unesco.org/en/iggp/mellerdall-unesco-global-geopark,active,pending_decomposition,deferred,"Статус геопарка не создаёт одну учебную карточку: требуется выделить конкретную формацию, каньон, пещеру, вулкан или иной физический объект.",2026-09-22,
geopark-kinabalu,unesco_global_geopark,Kinabalu UNESCO Global Geopark,malaysia,https://www.unesco.org/en/iggp/kinabalu-unesco-global-geopark,active,pending_decomposition,deferred,"Статус геопарка не создаёт одну учебную карточку: требуется выделить конкретную формацию, каньон, пещеру, вулкан или иной физический объект.",2026-09-22,
geopark-langkawi,unesco_global_geopark,Langkawi UNESCO Global Geopark,malaysia,https://www.unesco.org/en/iggp/langkawi-unesco-global-geopark,active,pending_decomposition,deferred,"Статус геопарка не создаёт одну учебную карточку: требуется выделить конкретную формацию, каньон, пещеру, вулкан или иной физический объект.",2026-09-22,
geopark-lenggong,unesco_global_geopark,Lenggong UNESCO Global Geopark,malaysia,https://www.unesco.org/en/iggp/geoparks#full-list-of-unesco-global-geoparks,active,pending_decomposition,deferred,"Статус геопарка не создаёт одну учебную карточку: требуется выделить конкретную формацию, каньон, пещеру, вулкан или иной физический объект.",2026-09-22,
geopark-sarawak-delta,unesco_global_geopark,Sarawak Delta UNESCO Global Geopark,malaysia,https://www.unesco.org/en/iggp/geoparks#full-list-of-unesco-global-geoparks,active,pending_decomposition,deferred,"Статус геопарка не создаёт одну учебную карточку: требуется выделить конкретную формацию, каньон, пещеру, вулкан или иной физический объект.",2026-09-22,
geopark-m-goun,unesco_global_geopark,M'Goun UNESCO Global Geopark,morocco,https://www.unesco.org/en/iggp/mgoun-unesco-global-geopark,active,pending_decomposition,deferred,"Статус геопарка не создаёт одну учебную карточку: требуется выделить конкретную формацию, каньон, пещеру, вулкан или иной физический объект.",2026-09-22,
geopark-de-hondsrug,unesco_global_geopark,De Hondsrug UNESCO Global Geopark,netherlands-kingdom-of-the,https://www.unesco.org/en/iggp/de-hondsrug-unesco-global-geopark,active,pending_decomposition,deferred,"Статус геопарка не создаёт одну учебную карточку: требуется выделить конкретную формацию, каньон, пещеру, вулкан или иной физический объект.",2026-09-22,
geopark-waitaki-whitestone,unesco_global_geopark,Waitaki Whitestone UNESCO Global Geopark,new-zealand,https://www.unesco.org/en/iggp/waitaki-whitestone-unesco-global-geopark,active,pending_decomposition,deferred,"Статус геопарка не создаёт одну учебную карточку: требуется выделить конкретную формацию, каньон, пещеру, вулкан или иной физический объект.",2026-09-22,
geopark-gea-norvegica,unesco_global_geopark,Gea Norvegica UNESCO Global Geopark,norway,https://www.unesco.org/en/iggp/gea-norvegica-unesco-global-geopark,active,pending_decomposition,deferred,"Статус геопарка не создаёт одну учебную карточку: требуется выделить конкретную формацию, каньон, пещеру, вулкан или иной физический объект.",2026-09-22,
geopark-magma,unesco_global_geopark,Magma UNESCO Global Geopark,norway,https://www.unesco.org/en/iggp/magma-unesco-global-geopark,active,pending_decomposition,deferred,"Статус геопарка не создаёт одну учебную карточку: требуется выделить конкретную формацию, каньон, пещеру, вулкан или иной физический объект.",2026-09-22,
geopark-sunnhordland,unesco_global_geopark,Sunnhordland UNESCO Global Geopark,norway,https://www.unesco.org/en/iggp/sunnhordland-unesco-global-geopark,active,pending_decomposition,deferred,"Статус геопарка не создаёт одну учебную карточку: требуется выделить конкретную формацию, каньон, пещеру, вулкан или иной физический объект.",2026-09-22,
geopark-the-fjord-coast,unesco_global_geopark,The Fjord Coast UNESCO Global Geopark,norway,https://www.unesco.org/en/iggp/fjord-coast-unesco-global-geopark,active,pending_decomposition,deferred,"Статус геопарка не создаёт одну учебную карточку: требуется выделить конкретную формацию, каньон, пещеру, вулкан или иной физический объект.",2026-09-22,
geopark-trollfjell,unesco_global_geopark,Trollfjell UNESCO Global Geopark,norway,https://www.unesco.org/en/iggp/trollfjell-unesco-global-geopark,active,pending_decomposition,deferred,"Статус геопарка не создаёт одну учебную карточку: требуется выделить конкретную формацию, каньон, пещеру, вулкан или иной физический объект.",2026-09-22,
geopark-rio-coco,unesco_global_geopark,Rio Coco UNESCO Global Geopark,nicaragua,https://www.unesco.org/en/iggp/rio-coco-unesco-global-geopark,active,pending_decomposition,deferred,"Статус геопарка не создаёт одну учебную карточку: требуется выделить конкретную формацию, каньон, пещеру, вулкан или иной физический объект.",2026-09-22,
geopark-colca-y-volcanes-de-andagua,unesco_global_geopark,Colca y Volcanes de Andagua UNESCO Global Geopark,peru,https://www.unesco.org/en/iggp/colca-y-volcanes-de-andagua-unesco-global-geopark,active,pending_decomposition,deferred,"Статус геопарка не создаёт одну учебную карточку: требуется выделить конкретную формацию, каньон, пещеру, вулкан или иной физический объект.",2026-09-22,
geopark-bohol-island,unesco_global_geopark,Bohol Island UNESCO Global Geopark,philippines,https://www.unesco.org/en/iggp/bohol-island-unesco-global-geopark,active,pending_decomposition,deferred,"Статус геопарка не создаёт одну учебную карточку: требуется выделить конкретную формацию, каньон, пещеру, вулкан или иной физический объект.",2026-09-22,
geopark-holy-cross-mountains,unesco_global_geopark,Holy Cross Mountains UNESCO Global Geopark,poland,https://www.unesco.org/en/iggp/holy-cross-mountains-unesco-global-geopark,active,pending_decomposition,deferred,"Статус геопарка не создаёт одну учебную карточку: требуется выделить конкретную формацию, каньон, пещеру, вулкан или иной физический объект.",2026-09-22,
geopark-land-of-extinct-volcanoes,unesco_global_geopark,Land of Extinct Volcanoes UNESCO Global Geopark,poland,https://www.unesco.org/en/iggp/land-extinct-volcanoes-unesco-global-geopark,active,pending_decomposition,deferred,"Статус геопарка не создаёт одну учебную карточку: требуется выделить конкретную формацию, каньон, пещеру, вулкан или иной физический объект.",2026-09-22,
geopark-algarvensis,unesco_global_geopark,Algarvensis UNESCO Global Geopark,portugal,https://www.unesco.org/en/iggp/geoparks#full-list-of-unesco-global-geoparks,active,pending_decomposition,deferred,"Статус геопарка не создаёт одну учебную карточку: требуется выделить конкретную формацию, каньон, пещеру, вулкан или иной физический объект.",2026-09-22,
geopark-arouca,unesco_global_geopark,Arouca UNESCO Global Geopark,portugal,https://www.unesco.org/en/iggp/arouca-unesco-global-geopark,active,pending_decomposition,deferred,"Статус геопарка не создаёт одну учебную карточку: требуется выделить конкретную формацию, каньон, пещеру, вулкан или иной физический объект.",2026-09-22,
geopark-azores,unesco_global_geopark,Azores UNESCO Global Geopark,portugal,https://www.unesco.org/en/iggp/azores-unesco-global-geopark,active,pending_decomposition,deferred,"Статус геопарка не создаёт одну учебную карточку: требуется выделить конкретную формацию, каньон, пещеру, вулкан или иной физический объект.",2026-09-22,
geopark-estrela,unesco_global_geopark,Estrela UNESCO Global Geopark,portugal,https://www.unesco.org/en/iggp/estrela-unesco-global-geopark,active,pending_decomposition,deferred,"Статус геопарка не создаёт одну учебную карточку: требуется выделить конкретную формацию, каньон, пещеру, вулкан или иной физический объект.",2026-09-22,
geopark-naturtejo,unesco_global_geopark,Naturtejo UNESCO Global Geopark,portugal,https://www.unesco.org/en/iggp/naturtejo-unesco-global-geopark,active,pending_decomposition,deferred,"Статус геопарка не создаёт одну учебную карточку: требуется выделить конкретную формацию, каньон, пещеру, вулкан или иной физический объект.",2026-09-22,
geopark-oeste,unesco_global_geopark,Oeste UNESCO Global Geopark,portugal,https://www.unesco.org/en/iggp/oeste-unesco-global-geopark,active,pending_decomposition,deferred,"Статус геопарка не создаёт одну учебную карточку: требуется выделить конкретную формацию, каньон, пещеру, вулкан или иной физический объект.",2026-09-22,
geopark-terras-de-cavaleiros,unesco_global_geopark,Terras de Cavaleiros UNESCO Global Geopark,portugal,https://www.unesco.org/en/iggp/terras-de-cavaleiros-unesco-global-geopark,active,pending_decomposition,deferred,"Статус геопарка не создаёт одну учебную карточку: требуется выделить конкретную формацию, каньон, пещеру, вулкан или иной физический объект.",2026-09-22,
geopark-cheongsong,unesco_global_geopark,Cheongsong UNESCO Global Geopark,south-korea,https://www.unesco.org/en/iggp/cheongsong-unesco-global-geopark,active,pending_decomposition,deferred,"Статус геопарка не создаёт одну учебную карточку: требуется выделить конкретную формацию, каньон, пещеру, вулкан или иной физический объект.",2026-09-22,
geopark-danyang,unesco_global_geopark,Danyang UNESCO Global Geopark,south-korea,https://www.unesco.org/en/iggp/danyang-unesco-global-geopark,active,pending_decomposition,deferred,"Статус геопарка не создаёт одну учебную карточку: требуется выделить конкретную формацию, каньон, пещеру, вулкан или иной физический объект.",2026-09-22,
geopark-gyeongbuk-donghaean,unesco_global_geopark,Gyeongbuk Donghaean UNESCO Global Geopark,south-korea,https://www.unesco.org/en/iggp/gyeongbuk-donghaean-unesco-global-geopark,active,pending_decomposition,deferred,"Статус геопарка не создаёт одну учебную карточку: требуется выделить конкретную формацию, каньон, пещеру, вулкан или иной физический объект.",2026-09-22,
geopark-hantangang,unesco_global_geopark,Hantangang UNESCO Global Geopark,south-korea,https://www.unesco.org/en/iggp/hantangang-unesco-global-geopark,active,pending_decomposition,deferred,"Статус геопарка не создаёт одну учебную карточку: требуется выделить конкретную формацию, каньон, пещеру, вулкан или иной физический объект.",2026-09-22,
geopark-jeju-island,unesco_global_geopark,Jeju Island UNESCO Global Geopark,south-korea,https://www.unesco.org/en/iggp/jeju-island-unesco-global-geopark,active,pending_decomposition,deferred,"Статус геопарка не создаёт одну учебную карточку: требуется выделить конкретную формацию, каньон, пещеру, вулкан или иной физический объект.",2026-09-22,
geopark-jeonbuk-west-coast,unesco_global_geopark,Jeonbuk West Coast UNESCO Global Geopark,south-korea,https://www.unesco.org/en/iggp/jeonbuk-west-coast-unesco-global-geopark,active,pending_decomposition,deferred,"Статус геопарка не создаёт одну учебную карточку: требуется выделить конкретную формацию, каньон, пещеру, вулкан или иной физический объект.",2026-09-22,
geopark-mudeungsan,unesco_global_geopark,Mudeungsan UNESCO Global Geopark,south-korea,https://www.unesco.org/en/iggp/mudeungsan-unesco-global-geopark,active,pending_decomposition,deferred,"Статус геопарка не создаёт одну учебную карточку: требуется выделить конкретную формацию, каньон, пещеру, вулкан или иной физический объект.",2026-09-22,
geopark-buzau-land,unesco_global_geopark,Buzău Land UNESCO Global Geopark,romania,https://www.unesco.org/en/iggp/buzau-land-unesco-global-geopark,active,pending_decomposition,deferred,"Статус геопарка не создаёт одну учебную карточку: требуется выделить конкретную формацию, каньон, пещеру, вулкан или иной физический объект.",2026-09-22,
geopark-hateg,unesco_global_geopark,Haţeg UNESCO Global Geopark,romania,https://www.unesco.org/en/iggp/hateg-country-unesco-global-geopark,active,pending_decomposition,deferred,"Статус геопарка не создаёт одну учебную карточку: требуется выделить конкретную формацию, каньон, пещеру, вулкан или иной физический объект.",2026-09-22,
geopark-toratau,unesco_global_geopark,Toratau UNESCO Global Geopark,russia,https://www.unesco.org/en/iggp/geoparks#full-list-of-unesco-global-geoparks,active,pending_decomposition,deferred,"Статус геопарка не создаёт одну учебную карточку: требуется выделить конкретную формацию, каньон, пещеру, вулкан или иной физический объект.",2026-09-22,
geopark-yangan-tau,unesco_global_geopark,Yangan-Tau UNESCO Global Geopark,russia,https://www.unesco.org/en/iggp/yangan-tau-unesco-global-geopark,active,pending_decomposition,deferred,"Статус геопарка не создаёт одну учебную карточку: требуется выделить конкретную формацию, каньон, пещеру, вулкан или иной физический объект.",2026-09-22,
geopark-north-riyadh,unesco_global_geopark,North Riyadh UNESCO Global Geopark,saudi-arabia,https://www.unesco.org/en/iggp/north-riyadh-unesco-global-geopark,active,pending_decomposition,deferred,"Статус геопарка не создаёт одну учебную карточку: требуется выделить конкретную формацию, каньон, пещеру, вулкан или иной физический объект.",2026-09-22,
geopark-salma,unesco_global_geopark,Salma UNESCO Global Geopark,saudi-arabia,https://www.unesco.org/en/iggp/salma-unesco-global-geopark,active,pending_decomposition,deferred,"Статус геопарка не создаёт одну учебную карточку: требуется выделить конкретную формацию, каньон, пещеру, вулкан или иной физический объект.",2026-09-22,
geopark-djerdap,unesco_global_geopark,Djerdap UNESCO Global Geopark,serbia,https://www.unesco.org/en/iggp/djerdap-unesco-global-geopark,active,pending_decomposition,deferred,"Статус геопарка не создаёт одну учебную карточку: требуется выделить конкретную формацию, каньон, пещеру, вулкан или иной физический объект.",2026-09-22,
geopark-idrija,unesco_global_geopark,Idrija UNESCO Global Geopark,slovenia,https://www.unesco.org/en/iggp/idrija-unesco-global-geopark,active,pending_decomposition,deferred,"Статус геопарка не создаёт одну учебную карточку: требуется выделить конкретную формацию, каньон, пещеру, вулкан или иной физический объект.",2026-09-22,
geopark-basque-coast,unesco_global_geopark,Basque Coast UNESCO Global Geopark,spain,https://www.unesco.org/en/iggp/basque-coast-unesco-global-geopark,active,pending_decomposition,deferred,"Статус геопарка не создаёт одну учебную карточку: требуется выделить конкретную формацию, каньон, пещеру, вулкан или иной физический объект.",2026-09-22,
geopark-cabo-de-gata-nijar,unesco_global_geopark,Cabo de Gata-Níjar UNESCO Global Geopark,spain,https://www.unesco.org/en/iggp/cabo-de-gata-nijar-unesco-global-geopark,active,pending_decomposition,deferred,"Статус геопарка не создаёт одну учебную карточку: требуется выделить конкретную формацию, каньон, пещеру, вулкан или иной физический объект.",2026-09-22,
geopark-cabo-ortegal,unesco_global_geopark,Cabo Ortegal UNESCO Global Geopark,spain,https://www.unesco.org/en/iggp/cabo-ortegal-unesco-global-geopark,active,pending_decomposition,deferred,"Статус геопарка не создаёт одну учебную карточку: требуется выделить конкретную формацию, каньон, пещеру, вулкан или иной физический объект.",2026-09-22,
geopark-calatrava-volcanoes-ciudad-real,unesco_global_geopark,Calatrava Volcanoes. Ciudad Real UNESCO Global Geopark,spain,https://www.unesco.org/en/iggp/calatrava-volcanoes-ciudad-real-unesco-global-geopark,active,pending_decomposition,deferred,"Статус геопарка не создаёт одну учебную карточку: требуется выделить конкретную формацию, каньон, пещеру, вулкан или иной физический объект.",2026-09-22,
geopark-central-catalonia,unesco_global_geopark,Central Catalonia UNESCO Global Geopark,spain,https://www.unesco.org/en/iggp/central-catalonia-unesco-global-geopark,active,pending_decomposition,deferred,"Статус геопарка не создаёт одну учебную карточку: требуется выделить конкретную формацию, каньон, пещеру, вулкан или иной физический объект.",2026-09-22,
geopark-costa-quebrada,unesco_global_geopark,Costa Quebrada UNESCO Global Geopark,spain,https://www.unesco.org/en/iggp/costa-quebrada-unesco-global-geopark,active,pending_decomposition,deferred,"Статус геопарка не создаёт одну учебную карточку: требуется выделить конкретную формацию, каньон, пещеру, вулкан или иной физический объект.",2026-09-22,
geopark-courel-mountains,unesco_global_geopark,Courel Mountains UNESCO Global Geopark,spain,https://www.unesco.org/en/iggp/courel-mountains-unesco-global-geopark,active,pending_decomposition,deferred,"Статус геопарка не создаёт одну учебную карточку: требуется выделить конкретную формацию, каньон, пещеру, вулкан или иной физический объект.",2026-09-22,
geopark-el-hierro,unesco_global_geopark,El Hierro UNESCO Global Geopark,spain,https://www.unesco.org/en/iggp/el-hierro-unesco-global-geopark,active,pending_decomposition,deferred,"Статус геопарка не создаёт одну учебную карточку: требуется выделить конкретную формацию, каньон, пещеру, вулкан или иной физический объект.",2026-09-22,
geopark-granada,unesco_global_geopark,Granada UNESCO Global Geopark,spain,https://www.unesco.org/en/iggp/granada-unesco-global-geopark,active,pending_decomposition,deferred,"Статус геопарка не создаёт одну учебную карточку: требуется выделить конкретную формацию, каньон, пещеру, вулкан или иной физический объект.",2026-09-22,
geopark-lanzarote-and-chinijo-islands,unesco_global_geopark,Lanzarote and Chinijo Islands UNESCO Global Geopark,spain,https://www.unesco.org/en/iggp/lanzarote-and-chinijo-islands-unesco-global-geopark,active,pending_decomposition,deferred,"Статус геопарка не создаёт одну учебную карточку: требуется выделить конкретную формацию, каньон, пещеру, вулкан или иной физический объект.",2026-09-22,
geopark-las-loras,unesco_global_geopark,Las Loras UNESCO Global Geopark,spain,https://www.unesco.org/en/iggp/las-loras-unesco-global-geopark,active,pending_decomposition,deferred,"Статус геопарка не создаёт одну учебную карточку: требуется выделить конкретную формацию, каньон, пещеру, вулкан или иной физический объект.",2026-09-22,
geopark-maestrazgo,unesco_global_geopark,Maestrazgo UNESCO Global Geopark,spain,https://www.unesco.org/en/iggp/maestrazgo-unesco-global-geopark,active,pending_decomposition,deferred,"Статус геопарка не создаёт одну учебную карточку: требуется выделить конкретную формацию, каньон, пещеру, вулкан или иной физический объект.",2026-09-22,
geopark-molina-alto-tajo,unesco_global_geopark,Molina-Alto Tajo UNESCO Global Geopark,spain,https://www.unesco.org/en/iggp/molina-alto-tajo-unesco-global-geopark,active,pending_decomposition,deferred,"Статус геопарка не создаёт одну учебную карточку: требуется выделить конкретную формацию, каньон, пещеру, вулкан или иной физический объект.",2026-09-22,
geopark-origens,unesco_global_geopark,Origens UNESCO Global Geopark,spain,https://www.unesco.org/en/iggp/origens-unesco-global-geopark,active,pending_decomposition,deferred,"Статус геопарка не создаёт одну учебную карточку: требуется выделить конкретную формацию, каньон, пещеру, вулкан или иной физический объект.",2026-09-22,
geopark-sierra-morena-de-sevilla,unesco_global_geopark,Sierra Morena de Sevilla UNESCO Global Geopark,spain,https://www.unesco.org/en/iggp/sierra-morena-de-sevilla-unesco-global-geopark,active,pending_decomposition,deferred,"Статус геопарка не создаёт одну учебную карточку: требуется выделить конкретную формацию, каньон, пещеру, вулкан или иной физический объект.",2026-09-22,
geopark-sierras-subbeticas,unesco_global_geopark,Sierras Subbéticas UNESCO Global Geopark,spain,https://www.unesco.org/en/iggp/sierras-subbeticas-unesco-global-geopark,active,pending_decomposition,deferred,"Статус геопарка не создаёт одну учебную карточку: требуется выделить конкретную формацию, каньон, пещеру, вулкан или иной физический объект.",2026-09-22,
geopark-sobrarbe-pirineos,unesco_global_geopark,Sobrarbe-Pirineos UNESCO Global Geopark,spain,https://www.unesco.org/en/iggp/sobrarbe-pirineos-unesco-global-geopark,active,pending_decomposition,deferred,"Статус геопарка не создаёт одну учебную карточку: требуется выделить конкретную формацию, каньон, пещеру, вулкан или иной физический объект.",2026-09-22,
geopark-villuercas-ibores-jara,unesco_global_geopark,Villuercas Ibores Jara UNESCO Global Geopark,spain,https://www.unesco.org/en/iggp/villuercas-ibores-jara-unesco-global-geopark,active,pending_decomposition,deferred,"Статус геопарка не создаёт одну учебную карточку: требуется выделить конкретную формацию, каньон, пещеру, вулкан или иной физический объект.",2026-09-22,
geopark-platabergens,unesco_global_geopark,Platåbergens UNESCO Global Geopark,sweden,https://www.unesco.org/en/iggp/platabergens-unesco-global-geopark,active,pending_decomposition,deferred,"Статус геопарка не создаёт одну учебную карточку: требуется выделить конкретную формацию, каньон, пещеру, вулкан или иной физический объект.",2026-09-22,
geopark-ngorongoro-lengai,unesco_global_geopark,Ngorongoro Lengai UNESCO Global Geopark,tanzania,https://www.unesco.org/en/iggp/ngorongoro-lengai-unesco-global-geopark,active,pending_decomposition,deferred,"Статус геопарка не создаёт одну учебную карточку: требуется выделить конкретную формацию, каньон, пещеру, вулкан или иной физический объект.",2026-09-22,
geopark-khorat,unesco_global_geopark,Khorat UNESCO Global Geopark,thailand,https://www.unesco.org/en/iggp/khorat-unesco-global-geopark,active,pending_decomposition,deferred,"Статус геопарка не создаёт одну учебную карточку: требуется выделить конкретную формацию, каньон, пещеру, вулкан или иной физический объект.",2026-09-22,
geopark-satun,unesco_global_geopark,Satun UNESCO Global Geopark,thailand,https://www.unesco.org/en/iggp/satun-unesco-global-geopark,active,pending_decomposition,deferred,"Статус геопарка не создаёт одну учебную карточку: требуется выделить конкретную формацию, каньон, пещеру, вулкан или иной физический объект.",2026-09-22,
geopark-dahar,unesco_global_geopark,Dahar UNESCO Global Geopark,tunisia,https://www.unesco.org/en/iggp/geoparks#full-list-of-unesco-global-geoparks,active,pending_decomposition,deferred,"Статус геопарка не создаёт одну учебную карточку: требуется выделить конкретную формацию, каньон, пещеру, вулкан или иной физический объект.",2026-09-22,
geopark-kula-salihli,unesco_global_geopark,Kula-Salihli UNESCO Global Geopark,turkiye,https://www.unesco.org/en/iggp/kula-salihli-unesco-global-geopark,active,pending_decomposition,deferred,"Статус геопарка не создаёт одну учебную карточку: требуется выделить конкретную формацию, каньон, пещеру, вулкан или иной физический объект.",2026-09-22,
geopark-arran,unesco_global_geopark,Arran UNESCO Global Geopark,united-kingdom,https://www.unesco.org/en/iggp/arran-unesco-global-geopark,active,pending_decomposition,deferred,"Статус геопарка не создаёт одну учебную карточку: требуется выделить конкретную формацию, каньон, пещеру, вулкан или иной физический объект.",2026-09-22,
geopark-black-country,unesco_global_geopark,Black Country UNESCO Global Geopark,united-kingdom,https://www.unesco.org/en/iggp/black-country-unesco-global-geopark,active,pending_decomposition,deferred,"Статус геопарка не создаёт одну учебную карточку: требуется выделить конкретную формацию, каньон, пещеру, вулкан или иной физический объект.",2026-09-22,
geopark-english-riviera,unesco_global_geopark,English Riviera UNESCO Global Geopark,united-kingdom,https://www.unesco.org/en/iggp/english-riviera-unesco-global-geopark,active,pending_decomposition,deferred,"Статус геопарка не создаёт одну учебную карточку: требуется выделить конкретную формацию, каньон, пещеру, вулкан или иной физический объект.",2026-09-22,
geopark-fforest-fawr,unesco_global_geopark,Fforest Fawr UNESCO Global Geopark,united-kingdom,https://www.unesco.org/en/iggp/fforest-fawr-unesco-global-geopark,active,pending_decomposition,deferred,"Статус геопарка не создаёт одну учебную карточку: требуется выделить конкретную формацию, каньон, пещеру, вулкан или иной физический объект.",2026-09-22,
geopark-geomon,unesco_global_geopark,GeoMôn UNESCO Global Geopark,united-kingdom,https://www.unesco.org/en/iggp/geomon-unesco-global-geopark,active,pending_decomposition,deferred,"Статус геопарка не создаёт одну учебную карточку: требуется выделить конкретную формацию, каньон, пещеру, вулкан или иной физический объект.",2026-09-22,
geopark-mourne-gullion-strangford,unesco_global_geopark,Mourne Gullion Strangford UNESCO Global Geopark,united-kingdom,https://www.unesco.org/en/iggp/mourne-gullion-strangford-unesco-global-geopark,active,pending_decomposition,deferred,"Статус геопарка не создаёт одну учебную карточку: требуется выделить конкретную формацию, каньон, пещеру, вулкан или иной физический объект.",2026-09-22,
geopark-north-pennines-aonb,unesco_global_geopark,North Pennines AONB UNESCO Global Geopark,united-kingdom,https://www.unesco.org/en/iggp/north-pennines-aonb-unesco-global-geopark,active,pending_decomposition,deferred,"Статус геопарка не создаёт одну учебную карточку: требуется выделить конкретную формацию, каньон, пещеру, вулкан или иной физический объект.",2026-09-22,
geopark-north-west-highlands,unesco_global_geopark,North-West Highlands UNESCO Global Geopark,united-kingdom,https://www.unesco.org/en/iggp/north-west-highlands-unesco-global-geopark,active,pending_decomposition,deferred,"Статус геопарка не создаёт одну учебную карточку: требуется выделить конкретную формацию, каньон, пещеру, вулкан или иной физический объект.",2026-09-22,
geopark-shetland,unesco_global_geopark,Shetland UNESCO Global Geopark,united-kingdom,https://www.unesco.org/en/iggp/shetland-unesco-global-geopark,active,pending_decomposition,deferred,"Статус геопарка не создаёт одну учебную карточку: требуется выделить конкретную формацию, каньон, пещеру, вулкан или иной физический объект.",2026-09-22,
geopark-grutas-del-palacio,unesco_global_geopark,Grutas del Palacio UNESCO Global Geopark,uruguay,https://www.unesco.org/en/iggp/grutas-del-palacio-unesco-global-geopark,active,pending_decomposition,deferred,"Статус геопарка не создаёт одну учебную карточку: требуется выделить конкретную формацию, каньон, пещеру, вулкан или иной физический объект.",2026-09-22,
geopark-manantiales-serranos,unesco_global_geopark,Manantiales Serranos UNESCO Global Geopark,uruguay,https://www.unesco.org/en/iggp/geoparks#full-list-of-unesco-global-geoparks,active,pending_decomposition,deferred,"Статус геопарка не создаёт одну учебную карточку: требуется выделить конкретную формацию, каньон, пещеру, вулкан или иной физический объект.",2026-09-22,
geopark-dak-nong,unesco_global_geopark,Dak Nong UNESCO Global Geopark,vietnam,https://www.unesco.org/en/iggp/dak-nong-unesco-global-geopark,active,pending_decomposition,deferred,"Статус геопарка не создаёт одну учебную карточку: требуется выделить конкретную формацию, каньон, пещеру, вулкан или иной физический объект.",2026-09-22,
geopark-dong-van-karst-plateau,unesco_global_geopark,Dong Van Karst Plateau UNESCO Global Geopark,vietnam,https://www.unesco.org/en/iggp/dong-van-karst-plateau-unesco-global-geopark,active,pending_decomposition,deferred,"Статус геопарка не создаёт одну учебную карточку: требуется выделить конкретную формацию, каньон, пещеру, вулкан или иной физический объект.",2026-09-22,
geopark-lang-son,unesco_global_geopark,Lang Son UNESCO Global Geopark,vietnam,https://www.unesco.org/en/iggp/lang-son-unesco-global-geopark,active,pending_decomposition,deferred,"Статус геопарка не создаёт одну учебную карточку: требуется выделить конкретную формацию, каньон, пещеру, вулкан или иной физический объект.",2026-09-22,
geopark-non-nuoc-cao-bang,unesco_global_geopark,Non nuoc Cao Bang UNESCO Global Geopark,vietnam,https://www.unesco.org/en/iggp/non-nuoc-cao-bang-unesco-global-geopark,active,pending_decomposition,deferred,"Статус геопарка не создаёт одну учебную карточку: требуется выделить конкретную формацию, каньон, пещеру, вулкан или иной физический объект.",2026-09-22,
